id,Context,Message,Insult,Threat,Harassment,IdentityAttack
1,School,तँ त कक्षामा सबैभन्दा बेकार विद्यार्थी होस्,1,0,0,0
2,School,"यस्तो सजिलो प्रश्नको जवाफ पनि थाहा छैन, कति मूर्ख",1,0,0,0
3,School,"तिम्रो हस्तलेखन हेर्दा हाँसो उठ्छ, कति बदमास लेखाइ",1,0,0,0
4,School,तिमी त हरेक पटक फेल हुने विद्यार्थी होस्,1,0,0,0
5,School,"भोलि विद्यालय पछाडि भेट्, तिमीलाई कुट्नेछु",0,1,0,0
6,School,फेरि शिक्षकलाई गुनासो गरे तिम्रो झोला च्यातिदिन्छु,0,1,0,0
7,School,अब यो कुरा सुन्दैनौ भने तिम्रो साइकल भत्काइदिन्छु,0,1,0,0
8,School,"सधैं समूह परियोजनामा उसलाई समावेश गरिँदैन, सबैले वास्ता गर्दैनन्",0,0,1,0
9,School,हरेक दिन खाजा खाने समयमा उसलाई एक्लै छोडिन्छ,0,0,1,0
10,School,च्याट समूहबाट उसलाई हटाइयो र कसैले जवाफ दिँदैन,0,0,1,0
11,School,तिम्रो जातको कारण यहाँ तिमीसँग कोही बस्दैन,0,0,0,1
12,School,गरिब परिवारको भएकोले तिमीलाई कक्षामा जिस्क्याइन्छ,0,0,0,1
13,School,तिम्रो लवाइको कारण सबैले तिमीलाई फरक व्यवहार गर्छन्,0,0,0,1
14,School,"आज खेल समयमा उसलाई हेपेर टिमबाट बाहिर राखियो, बदमासीपूर्ण शब्द पनि भने",1,0,1,0
15,School,भोलि फेरि ढिलो आयौ भने कुट्ने धम्की दिँदै सबैले बाहिर राखे,0,1,1,0
16,School,तिम्रो शारीरिक बनावटको कारण सबैले उपनाम राखेर जिस्क्याउँछन्,1,0,0,1
17,School,आजको गृहकार्य कहिलेसम्म बुझाउने हो थाहा छ?,0,0,0,0
18,School,"भोलि विज्ञान प्रदर्शनीको तयारी गर्नुपर्छ, सहयोग गर्नुहोस्",0,0,0,0
19,School,कक्षा शिक्षकले भोलि परीक्षा हुने भनेर जानकारी दिनुभयो,0,0,0,0
20,School,"तिम्रो प्रोजेक्ट प्रस्तुति एकदम राम्रो थियो, बधाई छ",0,0,0,0
21,School,"पुस्तकालयमा भेटौं, गृहकार्यमा सहयोग गरौं",0,0,0,0
22,School,आज खेलकुद प्रतियोगितामा राम्रो प्रदर्शन गर्यौ,0,0,0,0
23,School,"वास्तवमा, तँ त कक्षामा सबैभन्दा बेकार विद्यार्थी होस्",1,0,0,0
24,School,"यस्तो सजिलो प्रश्नको जवाफ पनि थाहा छैन, कति मूर्ख",1,0,0,0
25,School,"तिम्रो हस्तलेखन हेर्दा हाँसो उठ्छ, कति बदमास लेखाइ",1,0,0,0
26,School,"वास्तवमा, तिमी त हरेक पटक फेल हुने विद्यार्थी होस्",1,0,0,0
27,School,"भोलि विद्यालय पछाडि भेट्, तिमीलाई कुट्नेछु",0,1,0,0
28,School,"साथी, फेरि शिक्षकलाई गुनासो गरे तिम्रो झोला च्यातिदिन्छु",0,1,0,0
29,School,"साथी, अब यो कुरा सुन्दैनौ भने तिम्रो साइकल भत्काइदिन्छु",0,1,0,0
30,School,"साथी, सधैं समूह परियोजनामा उसलाई समावेश गरिँदैन, सबैले वास्ता गर्दैनन्",0,0,1,0
31,School,"वास्तवमा, हरेक दिन खाजा खाने समयमा उसलाई एक्लै छोडिन्छ",0,0,1,0
32,School,च्याट समूहबाट उसलाई हटाइयो र कसैले जवाफ दिँदैन,0,0,1,0
33,School,"वास्तवमा, तिम्रो जातको कारण यहाँ तिमीसँग कोही बस्दैन",0,0,0,1
34,School,"वास्तवमा, गरिब परिवारको भएकोले तिमीलाई कक्षामा जिस्क्याइन्छ",0,0,0,1
35,School,"अरे, तिम्रो लवाइको कारण सबैले तिमीलाई फरक व्यवहार गर्छन्",0,0,0,1
36,School,"आज खेल समयमा उसलाई हेपेर टिमबाट बाहिर राखियो, बदमासीपूर्ण शब्द पनि भने",1,0,1,0
37,School,"अरे, भोलि फेरि ढिलो आयौ भने कुट्ने धम्की दिँदै सबैले बाहिर राखे",0,1,1,0
38,School,"सुन्, तिम्रो शारीरिक बनावटको कारण सबैले उपनाम राखेर जिस्क्याउँछन्",1,0,0,1
39,School,आजको गृहकार्य कहिलेसम्म बुझाउने हो थाहा छ?,0,0,0,0
40,School,"भोलि विज्ञान प्रदर्शनीको तयारी गर्नुपर्छ, सहयोग गर्नुहोस्",0,0,0,0
41,School,कक्षा शिक्षकले भोलि परीक्षा हुने भनेर जानकारी दिनुभयो,0,0,0,0
42,School,"साथी, तिम्रो प्रोजेक्ट प्रस्तुति एकदम राम्रो थियो, बधाई छ",0,0,0,0
43,School,"साथी, पुस्तकालयमा भेटौं, गृहकार्यमा सहयोग गरौं",0,0,0,0
44,School,"अरे, आज खेलकुद प्रतियोगितामा राम्रो प्रदर्शन गर्यौ",0,0,0,0
45,School,"अरे, तँ त कक्षामा सबैभन्दा बेकार विद्यार्थी होस्",1,0,0,0
46,School,"यस्तो सजिलो प्रश्नको जवाफ पनि थाहा छैन, कति मूर्ख",1,0,0,0
47,School,"अरे, तिम्रो हस्तलेखन हेर्दा हाँसो उठ्छ, कति बदमास लेखाइ",1,0,0,0
48,School,"साथी, तिमी त हरेक पटक फेल हुने विद्यार्थी होस्",1,0,0,0
49,School,"वास्तवमा, भोलि विद्यालय पछाडि भेट्, तिमीलाई कुट्नेछु",0,1,0,0
50,School,"वास्तवमा, फेरि शिक्षकलाई गुनासो गरे तिम्रो झोला च्यातिदिन्छु",0,1,0,0
51,School,"वास्तवमा, अब यो कुरा सुन्दैनौ भने तिम्रो साइकल भत्काइदिन्छु",0,1,0,0
52,School,"अरे, सधैं समूह परियोजनामा उसलाई समावेश गरिँदैन, सबैले वास्ता गर्दैनन्",0,0,1,0
53,School,"सुन्, हरेक दिन खाजा खाने समयमा उसलाई एक्लै छोडिन्छ",0,0,1,0
54,School,"साथी, च्याट समूहबाट उसलाई हटाइयो र कसैले जवाफ दिँदैन",0,0,1,0
55,School,"सुन्, तिम्रो जातको कारण यहाँ तिमीसँग कोही बस्दैन",0,0,0,1
56,School,"अरे, गरिब परिवारको भएकोले तिमीलाई कक्षामा जिस्क्याइन्छ",0,0,0,1
57,School,तिम्रो लवाइको कारण सबैले तिमीलाई फरक व्यवहार गर्छन्,0,0,0,1
58,School,"फेरि भन्छु, आज खेल समयमा उसलाई हेपेर टिमबाट बाहिर राखियो, बदमासीपूर्ण शब्द पनि भने",1,0,1,0
59,School,"फेरि भन्छु, भोलि फेरि ढिलो आयौ भने कुट्ने धम्की दिँदै सबैले बाहिर राखे",0,1,1,0
60,School,तिम्रो शारीरिक बनावटको कारण सबैले उपनाम राखेर जिस्क्याउँछन्,1,0,0,1
61,School,"फेरि भन्छु, आजको गृहकार्य कहिलेसम्म बुझाउने हो थाहा छ?",0,0,0,0
62,School,"फेरि भन्छु, भोलि विज्ञान प्रदर्शनीको तयारी गर्नुपर्छ, सहयोग गर्नुहोस्",0,0,0,0
63,School,"साथी, कक्षा शिक्षकले भोलि परीक्षा हुने भनेर जानकारी दिनुभयो",0,0,0,0
64,School,"वास्तवमा, तिम्रो प्रोजेक्ट प्रस्तुति एकदम राम्रो थियो, बधाई छ",0,0,0,0
65,School,"सुन्, पुस्तकालयमा भेटौं, गृहकार्यमा सहयोग गरौं",0,0,0,0
66,School,आज खेलकुद प्रतियोगितामा राम्रो प्रदर्शन गर्यौ,0,0,0,0
67,School,तँ त कक्षामा सबैभन्दा बेकार विद्यार्थी होस्,1,0,0,0
68,School,"साथी, यस्तो सजिलो प्रश्नको जवाफ पनि थाहा छैन, कति मूर्ख",1,0,0,0
69,School,"साथी, तिम्रो हस्तलेखन हेर्दा हाँसो उठ्छ, कति बदमास लेखाइ",1,0,0,0
70,School,"फेरि भन्छु, तिमी त हरेक पटक फेल हुने विद्यार्थी होस्",1,0,0,0
71,School,"भोलि विद्यालय पछाडि भेट्, तिमीलाई कुट्नेछु",0,1,0,0
72,School,फेरि शिक्षकलाई गुनासो गरे तिम्रो झोला च्यातिदिन्छु,0,1,0,0
73,School,अब यो कुरा सुन्दैनौ भने तिम्रो साइकल भत्काइदिन्छु,0,1,0,0
74,School,"सुन्, सधैं समूह परियोजनामा उसलाई समावेश गरिँदैन, सबैले वास्ता गर्दैनन्",0,0,1,0
75,School,हरेक दिन खाजा खाने समयमा उसलाई एक्लै छोडिन्छ,0,0,1,0
76,School,च्याट समूहबाट उसलाई हटाइयो र कसैले जवाफ दिँदैन,0,0,1,0
77,School,"फेरि भन्छु, तिम्रो जातको कारण यहाँ तिमीसँग कोही बस्दैन",0,0,0,1
78,School,गरिब परिवारको भएकोले तिमीलाई कक्षामा जिस्क्याइन्छ,0,0,0,1
79,School,"अरे, तिम्रो लवाइको कारण सबैले तिमीलाई फरक व्यवहार गर्छन्",0,0,0,1
80,School,"आज खेल समयमा उसलाई हेपेर टिमबाट बाहिर राखियो, बदमासीपूर्ण शब्द पनि भने",1,0,1,0
81,School,"फेरि भन्छु, भोलि फेरि ढिलो आयौ भने कुट्ने धम्की दिँदै सबैले बाहिर राखे",0,1,1,0
82,School,तिम्रो शारीरिक बनावटको कारण सबैले उपनाम राखेर जिस्क्याउँछन्,1,0,0,1
83,School,"वास्तवमा, आजको गृहकार्य कहिलेसम्म बुझाउने हो थाहा छ?",0,0,0,0
84,School,"सुन्, भोलि विज्ञान प्रदर्शनीको तयारी गर्नुपर्छ, सहयोग गर्नुहोस्",0,0,0,0
85,School,"अरे, कक्षा शिक्षकले भोलि परीक्षा हुने भनेर जानकारी दिनुभयो",0,0,0,0
86,School,"तिम्रो प्रोजेक्ट प्रस्तुति एकदम राम्रो थियो, बधाई छ",0,0,0,0
87,School,"सुन्, पुस्तकालयमा भेटौं, गृहकार्यमा सहयोग गरौं",0,0,0,0
88,School,आज खेलकुद प्रतियोगितामा राम्रो प्रदर्शन गर्यौ,0,0,0,0
89,School,"अरे, तँ त कक्षामा सबैभन्दा बेकार विद्यार्थी होस्",1,0,0,0
90,School,"यस्तो सजिलो प्रश्नको जवाफ पनि थाहा छैन, कति मूर्ख",1,0,0,0
91,School,"फेरि भन्छु, तिम्रो हस्तलेखन हेर्दा हाँसो उठ्छ, कति बदमास लेखाइ",1,0,0,0
92,School,"वास्तवमा, तिमी त हरेक पटक फेल हुने विद्यार्थी होस्",1,0,0,0
93,School,"अरे, भोलि विद्यालय पछाडि भेट्, तिमीलाई कुट्नेछु",0,1,0,0
94,School,"फेरि भन्छु, फेरि शिक्षकलाई गुनासो गरे तिम्रो झोला च्यातिदिन्छु",0,1,0,0
95,School,अब यो कुरा सुन्दैनौ भने तिम्रो साइकल भत्काइदिन्छु,0,1,0,0
96,School,"अरे, सधैं समूह परियोजनामा उसलाई समावेश गरिँदैन, सबैले वास्ता गर्दैनन्",0,0,1,0
97,School,"साथी, हरेक दिन खाजा खाने समयमा उसलाई एक्लै छोडिन्छ",0,0,1,0
98,School,"वास्तवमा, च्याट समूहबाट उसलाई हटाइयो र कसैले जवाफ दिँदैन",0,0,1,0
99,School,तिम्रो जातको कारण यहाँ तिमीसँग कोही बस्दैन,0,0,0,1
100,School,गरिब परिवारको भएकोले तिमीलाई कक्षामा जिस्क्याइन्छ,0,0,0,1
101,Workplace,तिमीले गरेको काम एकदम फोहोर र बेकार छ,1,0,0,0
102,Workplace,तिमी जस्तो अयोग्य कर्मचारी मैले कहिल्यै देखेको छैन,1,0,0,0
103,Workplace,"यति सामान्य रिपोर्ट पनि मिलाउन जान्दैनौ, कति नालायक",1,0,0,0
104,Workplace,"तिम्रो प्रस्तुतिकरण हेर्दा लाज लाग्छ, कति कमजोर सोच",1,0,0,0
105,Workplace,"अर्को गल्ती गरे तिम्रो जागिर खोसिदिन्छु, याद राख्",0,1,0,0
106,Workplace,मसँग नबोलिकन म्यानेजरलाई भने तिम्रो करियर सिध्याइदिन्छु,0,1,0,0
107,Workplace,"अफिस पछि एक्लै भेट्छु, तिमीलाई थाहा हुन्छ",0,1,0,0
108,Workplace,हरेक बैठकमा उसको विचार बेवास्ता गरिन्छ र बोल्न दिइँदैन,0,0,1,0
109,Workplace,"टिम लन्चमा उसलाई कहिल्यै बोलाइँदैन, जानाजान बाहिर राखिन्छ",0,0,1,0
110,Workplace,इमेल समूहबाट उसलाई हटाइयो र जानकारी दिइँदैन,0,0,1,0
111,Workplace,महिला भएकै कारण उसलाई महत्वपूर्ण जिम्मेवारी दिइँदैन,0,0,0,1
112,Workplace,तिम्रो जातीय पृष्ठभूमिको कारण यो पद तिमीलाई दिइएन,0,0,0,1
113,Workplace,तिम्रो उमेरको कारण तिमीलाई अब काम गर्न सक्दैनौ भनियो,0,0,0,1
114,Workplace,बैठकमा सबैले उसलाई मूर्ख भन्दै काम बाँडफाँटबाट बाहिर राखे,1,0,1,0
115,Workplace,फेरि ढिलो आयौ भने कारबाही गर्ने भन्दै सबै जिम्मेवारीबाट हटाइयो,0,1,1,0
116,Workplace,अपाङ्गताको कारण उसलाई नालायक भन्दै खिसी गरियो,1,0,0,1
117,Workplace,भोलिको बैठकको एजेन्डा पठाइदिनुहोस्,0,0,0,0
118,Workplace,"यो महिनाको रिपोर्ट राम्रोसँग तयार भएको छ, धन्यवाद",0,0,0,0
119,Workplace,तपाईंको प्रस्तुतिले धेरै राम्रो प्रभाव पार्यो,0,0,0,0
120,Workplace,अर्को हप्ता तालिम कार्यक्रम राखिएको छ,0,0,0,0
121,Workplace,"टिमको सहकार्यमा प्रोजेक्ट समयमै सकियो, बधाई छ",0,0,0,0
122,Workplace,कृपया भोलिको छलफलमा सक्रिय रुपमा सहभागी हुनुहोस्,0,0,0,0
123,Workplace,"वास्तवमा, तिमीले गरेको काम एकदम फोहोर र बेकार छ",1,0,0,0
124,Workplace,"साथी, तिमी जस्तो अयोग्य कर्मचारी मैले कहिल्यै देखेको छैन",1,0,0,0
125,Workplace,"फेरि भन्छु, यति सामान्य रिपोर्ट पनि मिलाउन जान्दैनौ, कति नालायक",1,0,0,0
126,Workplace,"तिम्रो प्रस्तुतिकरण हेर्दा लाज लाग्छ, कति कमजोर सोच",1,0,0,0
127,Workplace,"अर्को गल्ती गरे तिम्रो जागिर खोसिदिन्छु, याद राख्",0,1,0,0
128,Workplace,"फेरि भन्छु, मसँग नबोलिकन म्यानेजरलाई भने तिम्रो करियर सिध्याइदिन्छु",0,1,0,0
129,Workplace,"साथी, अफिस पछि एक्लै भेट्छु, तिमीलाई थाहा हुन्छ",0,1,0,0
130,Workplace,"फेरि भन्छु, हरेक बैठकमा उसको विचार बेवास्ता गरिन्छ र बोल्न दिइँदैन",0,0,1,0
131,Workplace,"टिम लन्चमा उसलाई कहिल्यै बोलाइँदैन, जानाजान बाहिर राखिन्छ",0,0,1,0
132,Workplace,"सुन्, इमेल समूहबाट उसलाई हटाइयो र जानकारी दिइँदैन",0,0,1,0
133,Workplace,महिला भएकै कारण उसलाई महत्वपूर्ण जिम्मेवारी दिइँदैन,0,0,0,1
134,Workplace,"सुन्, तिम्रो जातीय पृष्ठभूमिको कारण यो पद तिमीलाई दिइएन",0,0,0,1
135,Workplace,"वास्तवमा, तिम्रो उमेरको कारण तिमीलाई अब काम गर्न सक्दैनौ भनियो",0,0,0,1
136,Workplace,"फेरि भन्छु, बैठकमा सबैले उसलाई मूर्ख भन्दै काम बाँडफाँटबाट बाहिर राखे",1,0,1,0
137,Workplace,फेरि ढिलो आयौ भने कारबाही गर्ने भन्दै सबै जिम्मेवारीबाट हटाइयो,0,1,1,0
138,Workplace,"साथी, अपाङ्गताको कारण उसलाई नालायक भन्दै खिसी गरियो",1,0,0,1
139,Workplace,भोलिको बैठकको एजेन्डा पठाइदिनुहोस्,0,0,0,0
140,Workplace,"यो महिनाको रिपोर्ट राम्रोसँग तयार भएको छ, धन्यवाद",0,0,0,0
141,Workplace,"साथी, तपाईंको प्रस्तुतिले धेरै राम्रो प्रभाव पार्यो",0,0,0,0
142,Workplace,"वास्तवमा, अर्को हप्ता तालिम कार्यक्रम राखिएको छ",0,0,0,0
143,Workplace,"टिमको सहकार्यमा प्रोजेक्ट समयमै सकियो, बधाई छ",0,0,0,0
144,Workplace,"वास्तवमा, कृपया भोलिको छलफलमा सक्रिय रुपमा सहभागी हुनुहोस्",0,0,0,0
145,Workplace,"वास्तवमा, तिमीले गरेको काम एकदम फोहोर र बेकार छ",1,0,0,0
146,Workplace,"वास्तवमा, तिमी जस्तो अयोग्य कर्मचारी मैले कहिल्यै देखेको छैन",1,0,0,0
147,Workplace,"यति सामान्य रिपोर्ट पनि मिलाउन जान्दैनौ, कति नालायक",1,0,0,0
148,Workplace,"अरे, तिम्रो प्रस्तुतिकरण हेर्दा लाज लाग्छ, कति कमजोर सोच",1,0,0,0
149,Workplace,"वास्तवमा, अर्को गल्ती गरे तिम्रो जागिर खोसिदिन्छु, याद राख्",0,1,0,0
150,Workplace,"साथी, मसँग नबोलिकन म्यानेजरलाई भने तिम्रो करियर सिध्याइदिन्छु",0,1,0,0
151,Workplace,"अरे, अफिस पछि एक्लै भेट्छु, तिमीलाई थाहा हुन्छ",0,1,0,0
152,Workplace,"वास्तवमा, हरेक बैठकमा उसको विचार बेवास्ता गरिन्छ र बोल्न दिइँदैन",0,0,1,0
153,Workplace,"साथी, टिम लन्चमा उसलाई कहिल्यै बोलाइँदैन, जानाजान बाहिर राखिन्छ",0,0,1,0
154,Workplace,"साथी, इमेल समूहबाट उसलाई हटाइयो र जानकारी दिइँदैन",0,0,1,0
155,Workplace,"सुन्, महिला भएकै कारण उसलाई महत्वपूर्ण जिम्मेवारी दिइँदैन",0,0,0,1
156,Workplace,"सुन्, तिम्रो जातीय पृष्ठभूमिको कारण यो पद तिमीलाई दिइएन",0,0,0,1
157,Workplace,तिम्रो उमेरको कारण तिमीलाई अब काम गर्न सक्दैनौ भनियो,0,0,0,1
158,Workplace,"वास्तवमा, बैठकमा सबैले उसलाई मूर्ख भन्दै काम बाँडफाँटबाट बाहिर राखे",1,0,1,0
159,Workplace,"वास्तवमा, फेरि ढिलो आयौ भने कारबाही गर्ने भन्दै सबै जिम्मेवारीबाट हटाइयो",0,1,1,0
160,Workplace,"अरे, अपाङ्गताको कारण उसलाई नालायक भन्दै खिसी गरियो",1,0,0,1
161,Workplace,"साथी, भोलिको बैठकको एजेन्डा पठाइदिनुहोस्",0,0,0,0
162,Workplace,"वास्तवमा, यो महिनाको रिपोर्ट राम्रोसँग तयार भएको छ, धन्यवाद",0,0,0,0
163,Workplace,तपाईंको प्रस्तुतिले धेरै राम्रो प्रभाव पार्यो,0,0,0,0
164,Workplace,"फेरि भन्छु, अर्को हप्ता तालिम कार्यक्रम राखिएको छ",0,0,0,0
165,Workplace,"फेरि भन्छु, टिमको सहकार्यमा प्रोजेक्ट समयमै सकियो, बधाई छ",0,0,0,0
166,Workplace,"फेरि भन्छु, कृपया भोलिको छलफलमा सक्रिय रुपमा सहभागी हुनुहोस्",0,0,0,0
167,Workplace,तिमीले गरेको काम एकदम फोहोर र बेकार छ,1,0,0,0
168,Workplace,"साथी, तिमी जस्तो अयोग्य कर्मचारी मैले कहिल्यै देखेको छैन",1,0,0,0
169,Workplace,"फेरि भन्छु, यति सामान्य रिपोर्ट पनि मिलाउन जान्दैनौ, कति नालायक",1,0,0,0
170,Workplace,"तिम्रो प्रस्तुतिकरण हेर्दा लाज लाग्छ, कति कमजोर सोच",1,0,0,0
171,Workplace,"फेरि भन्छु, अर्को गल्ती गरे तिम्रो जागिर खोसिदिन्छु, याद राख्",0,1,0,0
172,Workplace,मसँग नबोलिकन म्यानेजरलाई भने तिम्रो करियर सिध्याइदिन्छु,0,1,0,0
173,Workplace,"सुन्, अफिस पछि एक्लै भेट्छु, तिमीलाई थाहा हुन्छ",0,1,0,0
174,Workplace,हरेक बैठकमा उसको विचार बेवास्ता गरिन्छ र बोल्न दिइँदैन,0,0,1,0
175,Workplace,"टिम लन्चमा उसलाई कहिल्यै बोलाइँदैन, जानाजान बाहिर राखिन्छ",0,0,1,0
176,Workplace,"साथी, इमेल समूहबाट उसलाई हटाइयो र जानकारी दिइँदैन",0,0,1,0
177,Workplace,"अरे, महिला भएकै कारण उसलाई महत्वपूर्ण जिम्मेवारी दिइँदैन",0,0,0,1
178,Workplace,"वास्तवमा, तिम्रो जातीय पृष्ठभूमिको कारण यो पद तिमीलाई दिइएन",0,0,0,1
179,Workplace,तिम्रो उमेरको कारण तिमीलाई अब काम गर्न सक्दैनौ भनियो,0,0,0,1
180,Workplace,"साथी, बैठकमा सबैले उसलाई मूर्ख भन्दै काम बाँडफाँटबाट बाहिर राखे",1,0,1,0
181,Workplace,"वास्तवमा, फेरि ढिलो आयौ भने कारबाही गर्ने भन्दै सबै जिम्मेवारीबाट हटाइयो",0,1,1,0
182,Workplace,"सुन्, अपाङ्गताको कारण उसलाई नालायक भन्दै खिसी गरियो",1,0,0,1
183,Workplace,"सुन्, भोलिको बैठकको एजेन्डा पठाइदिनुहोस्",0,0,0,0
184,Workplace,"वास्तवमा, यो महिनाको रिपोर्ट राम्रोसँग तयार भएको छ, धन्यवाद",0,0,0,0
185,Workplace,"सुन्, तपाईंको प्रस्तुतिले धेरै राम्रो प्रभाव पार्यो",0,0,0,0
186,Workplace,"साथी, अर्को हप्ता तालिम कार्यक्रम राखिएको छ",0,0,0,0
187,Workplace,"टिमको सहकार्यमा प्रोजेक्ट समयमै सकियो, बधाई छ",0,0,0,0
188,Workplace,"साथी, कृपया भोलिको छलफलमा सक्रिय रुपमा सहभागी हुनुहोस्",0,0,0,0
189,Workplace,"साथी, तिमीले गरेको काम एकदम फोहोर र बेकार छ",1,0,0,0
190,Workplace,"वास्तवमा, तिमी जस्तो अयोग्य कर्मचारी मैले कहिल्यै देखेको छैन",1,0,0,0
191,Workplace,"अरे, यति सामान्य रिपोर्ट पनि मिलाउन जान्दैनौ, कति नालायक",1,0,0,0
192,Workplace,"अरे, तिम्रो प्रस्तुतिकरण हेर्दा लाज लाग्छ, कति कमजोर सोच",1,0,0,0
193,Workplace,"अर्को गल्ती गरे तिम्रो जागिर खोसिदिन्छु, याद राख्",0,1,0,0
194,Workplace,"वास्तवमा, मसँग नबोलिकन म्यानेजरलाई भने तिम्रो करियर सिध्याइदिन्छु",0,1,0,0
195,Workplace,"अरे, अफिस पछि एक्लै भेट्छु, तिमीलाई थाहा हुन्छ",0,1,0,0
196,Workplace,"सुन्, हरेक बैठकमा उसको विचार बेवास्ता गरिन्छ र बोल्न दिइँदैन",0,0,1,0
197,Workplace,"अरे, टिम लन्चमा उसलाई कहिल्यै बोलाइँदैन, जानाजान बाहिर राखिन्छ",0,0,1,0
198,Workplace,"सुन्, इमेल समूहबाट उसलाई हटाइयो र जानकारी दिइँदैन",0,0,1,0
199,Workplace,महिला भएकै कारण उसलाई महत्वपूर्ण जिम्मेवारी दिइँदैन,0,0,0,1
200,Workplace,"साथी, तिम्रो जातीय पृष्ठभूमिको कारण यो पद तिमीलाई दिइएन",0,0,0,1
201,Stranger,तँ जस्तो बेवकुफ मान्छे मैले जीवनमा देखेको छैन,1,0,0,0
202,Stranger,"तिम्रो अनुहार हेर्दा नै वाक्क लाग्छ, कति कुरूप",1,0,0,0
203,Stranger,"यति सामान्य कुरा पनि बुझ्दैनस्, कति गधा जस्तो",1,0,0,0
204,Stranger,"फेरि यता देखेँ भने कुट्छुँँुँ, याद राख्",0,1,0,0
205,Stranger,"घर पछ्याएर आउँछु, तिमीलाई डर लाग्नुपर्छ",0,1,0,0
206,Stranger,"रात्रीमा एक्लै हिँड्दा सावधान बस्, केही हुन सक्छ",0,1,0,0
207,Stranger,सामाजिक सञ्जालमा निरन्तर अपमानजनक कमेन्ट पठाइरहन्छ,0,0,1,0
208,Stranger,"बारम्बार म्यासेज पठाएर हैरान पार्दै छ, रोक्दैन",0,0,1,0
209,Stranger,जहाँ गए पनि पछ्याउँदै अनावश्यक टिप्पणी गर्छ,0,0,1,0
210,Stranger,तिम्रो धर्मको मान्छे यहाँ बस्नै हुँदैन,0,0,0,1
211,Stranger,तिम्रो छालाको रङको कारण तिमीलाई हेप्छन्,0,0,0,1
212,Stranger,तिमी विदेशी भएकोले यहाँ अधिकार छैन भन्दै हप्काए,0,0,0,1
213,Stranger,सडकमा हिँड्दा जातको आधारमा गाली गर्दै धम्क्याए,1,1,0,1
214,Stranger,फेरि यहाँ देखिस् भने तेरो जातलाई सम्झाइदिन्छु भन्दै लगातार पछ्याउँछ,0,1,1,1
215,Stranger,अनलाइनमा निरन्तर लिङ्गको आधारमा गाली र अपमान गर्दै छ,1,0,1,1
216,Stranger,बाटो कता जाने हो भनेर सोध्नुभयो,0,0,0,0
217,Stranger,"नमस्ते, तपाईंलाई सहयोग चाहिन्छ कि?",0,0,0,0
218,Stranger,आजको मौसम एकदम रमाइलो छ,0,0,0,0
219,Stranger,धन्यवाद बाटो देखाइदिनुभएकोमा,0,0,0,0
220,Stranger,पसल कति बजे खुल्छ थाहा छ?,0,0,0,0
221,Stranger,तपाईंको सहयोगको लागि धेरै धन्यवाद,0,0,0,0
222,Stranger,"साथी, तँ जस्तो बेवकुफ मान्छे मैले जीवनमा देखेको छैन",1,0,0,0
223,Stranger,"अरे, तिम्रो अनुहार हेर्दा नै वाक्क लाग्छ, कति कुरूप",1,0,0,0
224,Stranger,"सुन्, यति सामान्य कुरा पनि बुझ्दैनस्, कति गधा जस्तो",1,0,0,0
225,Stranger,"फेरि यता देखेँ भने कुट्छुँँु, याद राख्",0,1,0,0
226,Stranger,"फेरि भन्छु, घर पछ्याएर आउँछु, तिमीलाई डर लाग्नुपर्छ",0,1,0,0
227,Stranger,"रात्रीमा एक्लै हिँड्दा सावधान बस्, केही हुन सक्छ",0,1,0,0
228,Stranger,"फेरि भन्छु, सामाजिक सञ्जालमा निरन्तर अपमानजनक कमेन्ट पठाइरहन्छ",0,0,1,0
229,Stranger,"बारम्बार म्यासेज पठाएर हैरान पार्दै छ, रोक्दैन",0,0,1,0
230,Stranger,"साथी, जहाँ गए पनि पछ्याउँदै अनावश्यक टिप्पणी गर्छ",0,0,1,0
231,Stranger,"वास्तवमा, तिम्रो धर्मको मान्छे यहाँ बस्नै हुँदैन",0,0,0,1
232,Stranger,"साथी, तिम्रो छालाको रङको कारण तिमीलाई हेप्छन्",0,0,0,1
233,Stranger,"फेरि भन्छु, तिमी विदेशी भएकोले यहाँ अधिकार छैन भन्दै हप्काए",0,0,0,1
234,Stranger,"वास्तवमा, सडकमा हिँड्दा जातको आधारमा गाली गर्दै धम्क्याए",1,1,0,1
235,Stranger,"सुन्, फेरि यहाँ देखिस् भने तेरो जातलाई सम्झाइदिन्छु भन्दै लगातार पछ्याउँछ",0,1,1,1
236,Stranger,"अरे, अनलाइनमा निरन्तर लिङ्गको आधारमा गाली र अपमान गर्दै छ",1,0,1,1
237,Stranger,बाटो कता जाने हो भनेर सोध्नुभयो,0,0,0,0
238,Stranger,"सुन्, नमस्ते, तपाईंलाई सहयोग चाहिन्छ कि?",0,0,0,0
239,Stranger,"सुन्, आजको मौसम एकदम रमाइलो छ",0,0,0,0
240,Stranger,"अरे, धन्यवाद बाटो देखाइदिनुभएकोमा",0,0,0,0
241,Stranger,"सुन्, पसल कति बजे खुल्छ थाहा छ?",0,0,0,0
242,Stranger,"अरे, तपाईंको सहयोगको लागि धेरै धन्यवाद",0,0,0,0
243,Stranger,तँ जस्तो बेवकुफ मान्छे मैले जीवनमा देखेको छैन,1,0,0,0
244,Stranger,"अरे, तिम्रो अनुहार हेर्दा नै वाक्क लाग्छ, कति कुरूप",1,0,0,0
245,Stranger,"फेरि भन्छु, यति सामान्य कुरा पनि बुझ्दैनस्, कति गधा जस्तो",1,0,0,0
246,Stranger,"फेरि यता देखेँ भने कुट्छुँँु, याद राख्",0,1,0,0
247,Stranger,"वास्तवमा, घर पछ्याएर आउँछु, तिमीलाई डर लाग्नुपर्छ",0,1,0,0
248,Stranger,"वास्तवमा, रात्रीमा एक्लै हिँड्दा सावधान बस्, केही हुन सक्छ",0,1,0,0
249,Stranger,सामाजिक सञ्जालमा निरन्तर अपमानजनक कमेन्ट पठाइरहन्छ,0,0,1,0
250,Stranger,"वास्तवमा, बारम्बार म्यासेज पठाएर हैरान पार्दै छ, रोक्दैन",0,0,1,0
251,Stranger,"अरे, जहाँ गए पनि पछ्याउँदै अनावश्यक टिप्पणी गर्छ",0,0,1,0
252,Stranger,"फेरि भन्छु, तिम्रो धर्मको मान्छे यहाँ बस्नै हुँदैन",0,0,0,1
253,Stranger,तिम्रो छालाको रङको कारण तिमीलाई हेप्छन्,0,0,0,1
254,Stranger,"फेरि भन्छु, तिमी विदेशी भएकोले यहाँ अधिकार छैन भन्दै हप्काए",0,0,0,1
255,Stranger,"वास्तवमा, सडकमा हिँड्दा जातको आधारमा गाली गर्दै धम्क्याए",1,1,0,1
256,Stranger,फेरि यहाँ देखिस् भने तेरो जातलाई सम्झाइदिन्छु भन्दै लगातार पछ्याउँछ,0,1,1,1
257,Stranger,अनलाइनमा निरन्तर लिङ्गको आधारमा गाली र अपमान गर्दै छ,1,0,1,1
258,Stranger,बाटो कता जाने हो भनेर सोध्नुभयो,0,0,0,0
259,Stranger,"सुन्, नमस्ते, तपाईंलाई सहयोग चाहिन्छ कि?",0,0,0,0
260,Stranger,"साथी, आजको मौसम एकदम रमाइलो छ",0,0,0,0
261,Stranger,"सुन्, धन्यवाद बाटो देखाइदिनुभएकोमा",0,0,0,0
262,Stranger,पसल कति बजे खुल्छ थाहा छ?,0,0,0,0
263,Stranger,"वास्तवमा, तपाईंको सहयोगको लागि धेरै धन्यवाद",0,0,0,0
264,Stranger,"वास्तवमा, तँ जस्तो बेवकुफ मान्छे मैले जीवनमा देखेको छैन",1,0,0,0
265,Stranger,"तिम्रो अनुहार हेर्दा नै वाक्क लाग्छ, कति कुरूप",1,0,0,0
266,Stranger,"अरे, यति सामान्य कुरा पनि बुझ्दैनस्, कति गधा जस्तो",1,0,0,0
267,Stranger,"फेरि भन्छु, फेरि यता देखेँ भने कुट्छुँँु, याद राख्",0,1,0,0
268,Stranger,"साथी, घर पछ्याएर आउँछु, तिमीलाई डर लाग्नुपर्छ",0,1,0,0
269,Stranger,"अरे, रात्रीमा एक्लै हिँड्दा सावधान बस्, केही हुन सक्छ",0,1,0,0
270,Stranger,सामाजिक सञ्जालमा निरन्तर अपमानजनक कमेन्ट पठाइरहन्छ,0,0,1,0
271,Stranger,"फेरि भन्छु, बारम्बार म्यासेज पठाएर हैरान पार्दै छ, रोक्दैन",0,0,1,0
272,Stranger,"वास्तवमा, जहाँ गए पनि पछ्याउँदै अनावश्यक टिप्पणी गर्छ",0,0,1,0
273,Stranger,तिम्रो धर्मको मान्छे यहाँ बस्नै हुँदैन,0,0,0,1
274,Stranger,"फेरि भन्छु, तिम्रो छालाको रङको कारण तिमीलाई हेप्छन्",0,0,0,1
275,Stranger,"वास्तवमा, तिमी विदेशी भएकोले यहाँ अधिकार छैन भन्दै हप्काए",0,0,0,1
276,Stranger,"अरे, सडकमा हिँड्दा जातको आधारमा गाली गर्दै धम्क्याए",1,1,0,1
277,Stranger,"अरे, फेरि यहाँ देखिस् भने तेरो जातलाई सम्झाइदिन्छु भन्दै लगातार पछ्याउँछ",0,1,1,1
278,Stranger,"साथी, अनलाइनमा निरन्तर लिङ्गको आधारमा गाली र अपमान गर्दै छ",1,0,1,1
279,Stranger,"साथी, बाटो कता जाने हो भनेर सोध्नुभयो",0,0,0,0
280,Stranger,"नमस्ते, तपाईंलाई सहयोग चाहिन्छ कि?",0,0,0,0
281,Stranger,"फेरि भन्छु, आजको मौसम एकदम रमाइलो छ",0,0,0,0
282,Stranger,"साथी, धन्यवाद बाटो देखाइदिनुभएकोमा",0,0,0,0
283,Stranger,"अरे, पसल कति बजे खुल्छ थाहा छ?",0,0,0,0
284,Stranger,"फेरि भन्छु, तपाईंको सहयोगको लागि धेरै धन्यवाद",0,0,0,0
285,Stranger,"अरे, तँ जस्तो बेवकुफ मान्छे मैले जीवनमा देखेको छैन",1,0,0,0
286,Stranger,"तिम्रो अनुहार हेर्दा नै वाक्क लाग्छ, कति कुरूप",1,0,0,0
287,Stranger,"अरे, यति सामान्य कुरा पनि बुझ्दैनस्, कति गधा जस्तो",1,0,0,0
288,Stranger,"फेरि यता देखेँ भने कुट्छुँँु, याद राख्",0,1,0,0
289,Stranger,"सुन्, घर पछ्याएर आउँछु, तिमीलाई डर लाग्नुपर्छ",0,1,0,0
290,Stranger,"रात्रीमा एक्लै हिँड्दा सावधान बस्, केही हुन सक्छ",0,1,0,0
291,Stranger,सामाजिक सञ्जालमा निरन्तर अपमानजनक कमेन्ट पठाइरहन्छ,0,0,1,0
292,Stranger,"बारम्बार म्यासेज पठाएर हैरान पार्दै छ, रोक्दैन",0,0,1,0
293,Stranger,"फेरि भन्छु, जहाँ गए पनि पछ्याउँदै अनावश्यक टिप्पणी गर्छ",0,0,1,0
294,Stranger,"फेरि भन्छु, तिम्रो धर्मको मान्छे यहाँ बस्नै हुँदैन",0,0,0,1
295,Stranger,तिम्रो छालाको रङको कारण तिमीलाई हेप्छन्,0,0,0,1
296,Stranger,"साथी, तिमी विदेशी भएकोले यहाँ अधिकार छैन भन्दै हप्काए",0,0,0,1
297,Stranger,सडकमा हिँड्दा जातको आधारमा गाली गर्दै धम्क्याए,1,1,0,1
298,Stranger,"साथी, फेरि यहाँ देखिस् भने तेरो जातलाई सम्झाइदिन्छु भन्दै लगातार पछ्याउँछ",0,1,1,1
299,Stranger,"अरे, अनलाइनमा निरन्तर लिङ्गको आधारमा गाली र अपमान गर्दै छ",1,0,1,1
300,Stranger,बाटो कता जाने हो भनेर सोध्नुभयो,0,0,0,0
301,Relative,तिमी परिवारमा सबैभन्दा नालायक र बेकार सन्तान होस्,1,0,0,0
302,Relative,"तिमीले जे गरे पनि बेकार हुन्छ, कति अल्छी मान्छे",1,0,0,0
303,Relative,"तिम्रो दाजुभाइ जस्तो हुन सकिस् भने राम्रो हुन्थ्यो, तँ त नालायक होस्",1,0,0,0
304,Relative,अब यस्तो व्यवहार गरे घरबाट निकालिदिन्छु,0,1,0,0
305,Relative,"फेरि यस्तो गल्ती गरे तिमीलाई सजाय दिन्छु, सम्झिराख",0,1,0,0
306,Relative,तिमीले भनेको नमाने सम्पत्तिबाट बेदखल गरिदिन्छु,0,1,0,0
307,Relative,पारिवारिक भेलामा उसलाई कहिल्यै बोलाइँदैन,0,0,1,0
308,Relative,"हरेक चाडपर्वमा उसलाई मात्र छुट्याइन्छ, कसैले वास्ता गर्दैन",0,0,1,0
309,Relative,परिवारको ग्रुपबाट उसलाई हटाइयो र जानकारी लुकाइन्छ,0,0,1,0
310,Relative,छोरी भएकै कारण उसलाई पढ्न पठाइएन,0,0,0,1
311,Relative,तिम्रो जातको कारण यो परिवारमा तिमीलाई स्वीकार गरिँदैन,0,0,0,1
312,Relative,अपाङ्ग भएकै कारण तिमीलाई बोझ ठानिन्छ,0,0,0,1
313,Relative,बुहारी भएकै कारण उसलाई सधैं हेपिन्छ र नालायक भनिन्छ,1,0,0,1
314,Relative,फेरि यस्तो गरे घरबाट निकाल्ने धम्की दिँदै सधैं बेवास्ता गरिन्छ,0,1,1,0
315,Relative,छोरी भएकै कारण सम्पत्तिबाट वञ्चित गर्दै सधैं तिरस्कार गरिन्छ,0,0,1,1
316,Relative,भोलि दशैंको तिथि मिलाएर भेटौं,0,0,0,0
317,Relative,बुबाआमाको स्वास्थ्य अवस्था अहिले राम्रो छ,0,0,0,0
318,Relative,आजको पारिवारिक भेला धेरै रमाइलो भयो,0,0,0,0
319,Relative,तिम्रो नयाँ जागिरको लागि धेरै बधाई छ,0,0,0,0
320,Relative,भोलि मामाघर जाने कार्यक्रम छ,0,0,0,0
321,Relative,दिदीको विवाहको तयारी कस्तो भइरहेको छ?,0,0,0,0
322,Relative,तपाईंहरूलाई भेटेर धेरै खुसी लाग्यो,0,0,0,0
323,Relative,तिमी परिवारमा सबैभन्दा नालायक र बेकार सन्तान होस्,1,0,0,0
324,Relative,"वास्तवमा, तिमीले जे गरे पनि बेकार हुन्छ, कति अल्छी मान्छे",1,0,0,0
325,Relative,"सुन्, तिम्रो दाजुभाइ जस्तो हुन सकिस् भने राम्रो हुन्थ्यो, तँ त नालायक होस्",1,0,0,0
326,Relative,"फेरि भन्छु, अब यस्तो व्यवहार गरे घरबाट निकालिदिन्छु",0,1,0,0
327,Relative,"फेरि यस्तो गल्ती गरे तिमीलाई सजाय दिन्छु, सम्झिराख",0,1,0,0
328,Relative,"फेरि भन्छु, तिमीले भनेको नमाने सम्पत्तिबाट बेदखल गरिदिन्छु",0,1,0,0
329,Relative,"अरे, पारिवारिक भेलामा उसलाई कहिल्यै बोलाइँदैन",0,0,1,0
330,Relative,"फेरि भन्छु, हरेक चाडपर्वमा उसलाई मात्र छुट्याइन्छ, कसैले वास्ता गर्दैन",0,0,1,0
331,Relative,"साथी, परिवारको ग्रुपबाट उसलाई हटाइयो र जानकारी लुकाइन्छ",0,0,1,0
332,Relative,"साथी, छोरी भएकै कारण उसलाई पढ्न पठाइएन",0,0,0,1
333,Relative,"वास्तवमा, तिम्रो जातको कारण यो परिवारमा तिमीलाई स्वीकार गरिँदैन",0,0,0,1
334,Relative,"सुन्, अपाङ्ग भएकै कारण तिमीलाई बोझ ठानिन्छ",0,0,0,1
335,Relative,"अरे, बुहारी भएकै कारण उसलाई सधैं हेपिन्छ र नालायक भनिन्छ",1,0,0,1
336,Relative,"साथी, फेरि यस्तो गरे घरबाट निकाल्ने धम्की दिँदै सधैं बेवास्ता गरिन्छ",0,1,1,0
337,Relative,छोरी भएकै कारण सम्पत्तिबाट वञ्चित गर्दै सधैं तिरस्कार गरिन्छ,0,0,1,1
338,Relative,"अरे, भोलि दशैंको तिथि मिलाएर भेटौं",0,0,0,0
339,Relative,"फेरि भन्छु, बुबाआमाको स्वास्थ्य अवस्था अहिले राम्रो छ",0,0,0,0
340,Relative,"अरे, आजको पारिवारिक भेला धेरै रमाइलो भयो",0,0,0,0
341,Relative,"सुन्, तिम्रो नयाँ जागिरको लागि धेरै बधाई छ",0,0,0,0
342,Relative,"साथी, भोलि मामाघर जाने कार्यक्रम छ",0,0,0,0
343,Relative,"अरे, दिदीको विवाहको तयारी कस्तो भइरहेको छ?",0,0,0,0
344,Relative,"फेरि भन्छु, तपाईंहरूलाई भेटेर धेरै खुसी लाग्यो",0,0,0,0
345,Relative,"वास्तवमा, तिमी परिवारमा सबैभन्दा नालायक र बेकार सन्तान होस्",1,0,0,0
346,Relative,"वास्तवमा, तिमीले जे गरे पनि बेकार हुन्छ, कति अल्छी मान्छे",1,0,0,0
347,Relative,"साथी, तिम्रो दाजुभाइ जस्तो हुन सकिस् भने राम्रो हुन्थ्यो, तँ त नालायक होस्",1,0,0,0
348,Relative,"वास्तवमा, अब यस्तो व्यवहार गरे घरबाट निकालिदिन्छु",0,1,0,0
349,Relative,"फेरि यस्तो गल्ती गरे तिमीलाई सजाय दिन्छु, सम्झिराख",0,1,0,0
350,Relative,"सुन्, तिमीले भनेको नमाने सम्पत्तिबाट बेदखल गरिदिन्छु",0,1,0,0
351,Relative,"वास्तवमा, पारिवारिक भेलामा उसलाई कहिल्यै बोलाइँदैन",0,0,1,0
352,Relative,"वास्तवमा, हरेक चाडपर्वमा उसलाई मात्र छुट्याइन्छ, कसैले वास्ता गर्दैन",0,0,1,0
353,Relative,परिवारको ग्रुपबाट उसलाई हटाइयो र जानकारी लुकाइन्छ,0,0,1,0
354,Relative,"सुन्, छोरी भएकै कारण उसलाई पढ्न पठाइएन",0,0,0,1
355,Relative,"अरे, तिम्रो जातको कारण यो परिवारमा तिमीलाई स्वीकार गरिँदैन",0,0,0,1
356,Relative,"सुन्, अपाङ्ग भएकै कारण तिमीलाई बोझ ठानिन्छ",0,0,0,1
357,Relative,बुहारी भएकै कारण उसलाई सधैं हेपिन्छ र नालायक भनिन्छ,1,0,0,1
358,Relative,"साथी, फेरि यस्तो गरे घरबाट निकाल्ने धम्की दिँदै सधैं बेवास्ता गरिन्छ",0,1,1,0
359,Relative,"साथी, छोरी भएकै कारण सम्पत्तिबाट वञ्चित गर्दै सधैं तिरस्कार गरिन्छ",0,0,1,1
360,Relative,भोलि दशैंको तिथि मिलाएर भेटौं,0,0,0,0
361,Relative,बुबाआमाको स्वास्थ्य अवस्था अहिले राम्रो छ,0,0,0,0
362,Relative,आजको पारिवारिक भेला धेरै रमाइलो भयो,0,0,0,0
363,Relative,"अरे, तिम्रो नयाँ जागिरको लागि धेरै बधाई छ",0,0,0,0
364,Relative,"अरे, भोलि मामाघर जाने कार्यक्रम छ",0,0,0,0
365,Relative,"साथी, दिदीको विवाहको तयारी कस्तो भइरहेको छ?",0,0,0,0
366,Relative,"अरे, तपाईंहरूलाई भेटेर धेरै खुसी लाग्यो",0,0,0,0
367,Relative,"साथी, तिमी परिवारमा सबैभन्दा नालायक र बेकार सन्तान होस्",1,0,0,0
368,Relative,"तिमीले जे गरे पनि बेकार हुन्छ, कति अल्छी मान्छे",1,0,0,0
369,Relative,"तिम्रो दाजुभाइ जस्तो हुन सकिस् भने राम्रो हुन्थ्यो, तँ त नालायक होस्",1,0,0,0
370,Relative,"वास्तवमा, अब यस्तो व्यवहार गरे घरबाट निकालिदिन्छु",0,1,0,0
371,Relative,"वास्तवमा, फेरि यस्तो गल्ती गरे तिमीलाई सजाय दिन्छु, सम्झिराख",0,1,0,0
372,Relative,तिमीले भनेको नमाने सम्पत्तिबाट बेदखल गरिदिन्छु,0,1,0,0
373,Relative,"साथी, पारिवारिक भेलामा उसलाई कहिल्यै बोलाइँदैन",0,0,1,0
374,Relative,"हरेक चाडपर्वमा उसलाई मात्र छुट्याइन्छ, कसैले वास्ता गर्दैन",0,0,1,0
375,Relative,परिवारको ग्रुपबाट उसलाई हटाइयो र जानकारी लुकाइन्छ,0,0,1,0
376,Relative,"फेरि भन्छु, छोरी भएकै कारण उसलाई पढ्न पठाइएन",0,0,0,1
377,Relative,तिम्रो जातको कारण यो परिवारमा तिमीलाई स्वीकार गरिँदैन,0,0,0,1
378,Relative,अपाङ्ग भएकै कारण तिमीलाई बोझ ठानिन्छ,0,0,0,1
379,Relative,"अरे, बुहारी भएकै कारण उसलाई सधैं हेपिन्छ र नालायक भनिन्छ",1,0,0,1
380,Relative,"साथी, फेरि यस्तो गरे घरबाट निकाल्ने धम्की दिँदै सधैं बेवास्ता गरिन्छ",0,1,1,0
381,Relative,छोरी भएकै कारण सम्पत्तिबाट वञ्चित गर्दै सधैं तिरस्कार गरिन्छ,0,0,1,1
382,Relative,"वास्तवमा, भोलि दशैंको तिथि मिलाएर भेटौं",0,0,0,0
383,Relative,"सुन्, बुबाआमाको स्वास्थ्य अवस्था अहिले राम्रो छ",0,0,0,0
384,Relative,"साथी, आजको पारिवारिक भेला धेरै रमाइलो भयो",0,0,0,0
385,Relative,"अरे, तिम्रो नयाँ जागिरको लागि धेरै बधाई छ",0,0,0,0
386,Relative,"साथी, भोलि मामाघर जाने कार्यक्रम छ",0,0,0,0
387,Relative,"वास्तवमा, दिदीको विवाहको तयारी कस्तो भइरहेको छ?",0,0,0,0
388,Relative,"अरे, तपाईंहरूलाई भेटेर धेरै खुसी लाग्यो",0,0,0,0
389,Relative,"अरे, तिमी परिवारमा सबैभन्दा नालायक र बेकार सन्तान होस्",1,0,0,0
390,Relative,"सुन्, तिमीले जे गरे पनि बेकार हुन्छ, कति अल्छी मान्छे",1,0,0,0
391,Relative,"साथी, तिम्रो दाजुभाइ जस्तो हुन सकिस् भने राम्रो हुन्थ्यो, तँ त नालायक होस्",1,0,0,0
392,Relative,"फेरि भन्छु, अब यस्तो व्यवहार गरे घरबाट निकालिदिन्छु",0,1,0,0
393,Relative,"सुन्, फेरि यस्तो गल्ती गरे तिमीलाई सजाय दिन्छु, सम्झिराख",0,1,0,0
394,Relative,"फेरि भन्छु, तिमीले भनेको नमाने सम्पत्तिबाट बेदखल गरिदिन्छु",0,1,0,0
395,Relative,"सुन्, पारिवारिक भेलामा उसलाई कहिल्यै बोलाइँदैन",0,0,1,0
396,Relative,"साथी, हरेक चाडपर्वमा उसलाई मात्र छुट्याइन्छ, कसैले वास्ता गर्दैन",0,0,1,0
397,Relative,परिवारको ग्रुपबाट उसलाई हटाइयो र जानकारी लुकाइन्छ,0,0,1,0
398,Relative,छोरी भएकै कारण उसलाई पढ्न पठाइएन,0,0,0,1
399,Relative,"वास्तवमा, तिम्रो जातको कारण यो परिवारमा तिमीलाई स्वीकार गरिँदैन",0,0,0,1
400,Relative,"सुन्, अपाङ्ग भएकै कारण तिमीलाई बोझ ठानिन्छ",0,0,0,1
401,SocialMedia,यो पोस्ट गर्ने मान्छे साह्रै मूर्ख र बेकार रहेछ,1,0,0,0
402,SocialMedia,"तिम्रो फोटो हेर्दा नै वाक्क लाग्छ, कति कुरूप",1,0,0,0
403,SocialMedia,यस्तो बेकार कन्टेन्ट बनाउने तिमी जस्तो नालायक कोही छैन,1,0,0,0
404,SocialMedia,तिम्रो एकाउन्ट पत्ता लगाएर तिमीलाई सिध्याइदिन्छु,0,1,0,0
405,SocialMedia,यो भिडियो नहटाए तिम्रो घर ठेगाना पब्लिक गरिदिन्छु,0,1,0,0
406,SocialMedia,फेरि यस्तो पोस्ट गरे तिम्रो परिवारलाई नोक्सान पुर्‍याउँछु,0,1,0,0
407,SocialMedia,कमेन्ट सेक्सनमा दिनहुँ उसलाई ट्याग गरेर होच्याइन्छ,0,0,1,0
408,SocialMedia,धेरै फेक एकाउन्टबाट लगातार अपमानजनक म्यासेज पठाइरहन्छन्,0,0,1,0
409,SocialMedia,हरेक पोस्टमा समूह बनाएर उसलाई दिनभरि जिस्क्याउँछन्,0,0,1,0
410,SocialMedia,तिम्रो जातको मान्छेले सामाजिक सञ्जालमा बोल्नै हुँदैन,0,0,0,1
411,SocialMedia,तिम्रो छालाको रङको कारण कमेन्टमा लगातार गाली गरिन्छ,0,0,0,1
412,SocialMedia,धर्मको आधारमा तिमीलाई अनलाइनमा लगातार तिरस्कार गरिन्छ,0,0,0,1
413,SocialMedia,तिम्रो लिङ्गको कारण तिमीलाई बेकार भन्दै कमेन्टमा होच्याइयो,1,0,0,1
414,SocialMedia,फेरि पोस्ट गरे एकाउन्टह्याक गरेर सबैलाई जानकारी लिक गर्छु भन्दै धम्क्याए,0,1,1,0
415,SocialMedia,दिनहुँ फेक प्रोफाइलबाट धम्की र गाली दुवै पठाइरहन्छन्,0,1,1,0
416,SocialMedia,"आजको पोस्ट एकदम प्रेरणादायी थियो, धन्यवाद सेयर गर्नुभएकोमा",0,0,0,0
417,SocialMedia,तपाईंको फोटोग्राफी सीप साँच्चै उत्कृष्ट छ,0,0,0,0
418,SocialMedia,"यो जानकारी धेरै उपयोगी रह्यो, सेयर गरिदिनुहोस्",0,0,0,0
419,SocialMedia,"भिडियो हेरेर धेरै केही सिक्न पाइयो, धन्यवाद",0,0,0,0
420,SocialMedia,आजको लाइभ सेसन धेरै रमाइलो थियो,0,0,0,0
421,SocialMedia,नयाँ पोस्टको लागि धेरै धेरै बधाई छ,0,0,0,0
422,SocialMedia,यो पोस्ट गर्ने मान्छे साह्रै मूर्ख र बेकार रहेछ,1,0,0,0
423,SocialMedia,"साथी, तिम्रो फोटो हेर्दा नै वाक्क लाग्छ, कति कुरूप",1,0,0,0
424,SocialMedia,"सुन्, यस्तो बेकार कन्टेन्ट बनाउने तिमी जस्तो नालायक कोही छैन",1,0,0,0
425,SocialMedia,"वास्तवमा, तिम्रो एकाउन्ट पत्ता लगाएर तिमीलाई सिध्याइदिन्छु",0,1,0,0
426,SocialMedia,यो भिडियो नहटाए तिम्रो घर ठेगाना पब्लिक गरिदिन्छु,0,1,0,0
427,SocialMedia,फेरि यस्तो पोस्ट गरे तिम्रो परिवारलाई नोक्सान पुर्‍याउँछु,0,1,0,0
428,SocialMedia,"फेरि भन्छु, कमेन्ट सेक्सनमा दिनहुँ उसलाई ट्याग गरेर होच्याइन्छ",0,0,1,0
429,SocialMedia,"अरे, धेरै फेक एकाउन्टबाट लगातार अपमानजनक म्यासेज पठाइरहन्छन्",0,0,1,0
430,SocialMedia,हरेक पोस्टमा समूह बनाएर उसलाई दिनभरि जिस्क्याउँछन्,0,0,1,0
431,SocialMedia,तिम्रो जातको मान्छेले सामाजिक सञ्जालमा बोल्नै हुँदैन,0,0,0,1
432,SocialMedia,"अरे, तिम्रो छालाको रङको कारण कमेन्टमा लगातार गाली गरिन्छ",0,0,0,1
433,SocialMedia,धर्मको आधारमा तिमीलाई अनलाइनमा लगातार तिरस्कार गरिन्छ,0,0,0,1
434,SocialMedia,"अरे, तिम्रो लिङ्गको कारण तिमीलाई बेकार भन्दै कमेन्टमा होच्याइयो",1,0,0,1
435,SocialMedia,"साथी, फेरि पोस्ट गरे एकाउन्टह्याक गरेर सबैलाई जानकारी लिक गर्छु भन्दै धम्क्याए",0,1,1,0
436,SocialMedia,दिनहुँ फेक प्रोफाइलबाट धम्की र गाली दुवै पठाइरहन्छन्,0,1,1,0
437,SocialMedia,"आजको पोस्ट एकदम प्रेरणादायी थियो, धन्यवाद सेयर गर्नुभएकोमा",0,0,0,0
438,SocialMedia,"सुन्, तपाईंको फोटोग्राफी सीप साँच्चै उत्कृष्ट छ",0,0,0,0
439,SocialMedia,"सुन्, यो जानकारी धेरै उपयोगी रह्यो, सेयर गरिदिनुहोस्",0,0,0,0
440,SocialMedia,"भिडियो हेरेर धेरै केही सिक्न पाइयो, धन्यवाद",0,0,0,0
441,SocialMedia,"साथी, आजको लाइभ सेसन धेरै रमाइलो थियो",0,0,0,0
442,SocialMedia,नयाँ पोस्टको लागि धेरै धेरै बधाई छ,0,0,0,0
443,SocialMedia,"अरे, यो पोस्ट गर्ने मान्छे साह्रै मूर्ख र बेकार रहेछ",1,0,0,0
444,SocialMedia,"सुन्, तिम्रो फोटो हेर्दा नै वाक्क लाग्छ, कति कुरूप",1,0,0,0
445,SocialMedia,यस्तो बेकार कन्टेन्ट बनाउने तिमी जस्तो नालायक कोही छैन,1,0,0,0
446,SocialMedia,"फेरि भन्छु, तिम्रो एकाउन्ट पत्ता लगाएर तिमीलाई सिध्याइदिन्छु",0,1,0,0
447,SocialMedia,"अरे, यो भिडियो नहटाए तिम्रो घर ठेगाना पब्लिक गरिदिन्छु",0,1,0,0
448,SocialMedia,फेरि यस्तो पोस्ट गरे तिम्रो परिवारलाई नोक्सान पुर्‍याउँछु,0,1,0,0
449,SocialMedia,"साथी, कमेन्ट सेक्सनमा दिनहुँ उसलाई ट्याग गरेर होच्याइन्छ",0,0,1,0
450,SocialMedia,"वास्तवमा, धेरै फेक एकाउन्टबाट लगातार अपमानजनक म्यासेज पठाइरहन्छन्",0,0,1,0
451,SocialMedia,"वास्तवमा, हरेक पोस्टमा समूह बनाएर उसलाई दिनभरि जिस्क्याउँछन्",0,0,1,0
452,SocialMedia,"अरे, तिम्रो जातको मान्छेले सामाजिक सञ्जालमा बोल्नै हुँदैन",0,0,0,1
453,SocialMedia,तिम्रो छालाको रङको कारण कमेन्टमा लगातार गाली गरिन्छ,0,0,0,1
454,SocialMedia,"अरे, धर्मको आधारमा तिमीलाई अनलाइनमा लगातार तिरस्कार गरिन्छ",0,0,0,1
455,SocialMedia,"अरे, तिम्रो लिङ्गको कारण तिमीलाई बेकार भन्दै कमेन्टमा होच्याइयो",1,0,0,1
456,SocialMedia,"सुन्, फेरि पोस्ट गरे एकाउन्टह्याक गरेर सबैलाई जानकारी लिक गर्छु भन्दै धम्क्याए",0,1,1,0
457,SocialMedia,दिनहुँ फेक प्रोफाइलबाट धम्की र गाली दुवै पठाइरहन्छन्,0,1,1,0
458,SocialMedia,"साथी, आजको पोस्ट एकदम प्रेरणादायी थियो, धन्यवाद सेयर गर्नुभएकोमा",0,0,0,0
459,SocialMedia,तपाईंको फोटोग्राफी सीप साँच्चै उत्कृष्ट छ,0,0,0,0
460,SocialMedia,"अरे, यो जानकारी धेरै उपयोगी रह्यो, सेयर गरिदिनुहोस्",0,0,0,0
461,SocialMedia,"फेरि भन्छु, भिडियो हेरेर धेरै केही सिक्न पाइयो, धन्यवाद",0,0,0,0
462,SocialMedia,"साथी, आजको लाइभ सेसन धेरै रमाइलो थियो",0,0,0,0
463,SocialMedia,नयाँ पोस्टको लागि धेरै धेरै बधाई छ,0,0,0,0
464,SocialMedia,"सुन्, यो पोस्ट गर्ने मान्छे साह्रै मूर्ख र बेकार रहेछ",1,0,0,0
465,SocialMedia,"साथी, तिम्रो फोटो हेर्दा नै वाक्क लाग्छ, कति कुरूप",1,0,0,0
466,SocialMedia,"अरे, यस्तो बेकार कन्टेन्ट बनाउने तिमी जस्तो नालायक कोही छैन",1,0,0,0
467,SocialMedia,तिम्रो एकाउन्ट पत्ता लगाएर तिमीलाई सिध्याइदिन्छु,0,1,0,0
468,SocialMedia,"अरे, यो भिडियो नहटाए तिम्रो घर ठेगाना पब्लिक गरिदिन्छु",0,1,0,0
469,SocialMedia,फेरि यस्तो पोस्ट गरे तिम्रो परिवारलाई नोक्सान पुर्‍याउँछु,0,1,0,0
470,SocialMedia,"अरे, कमेन्ट सेक्सनमा दिनहुँ उसलाई ट्याग गरेर होच्याइन्छ",0,0,1,0
471,SocialMedia,"फेरि भन्छु, धेरै फेक एकाउन्टबाट लगातार अपमानजनक म्यासेज पठाइरहन्छन्",0,0,1,0
472,SocialMedia,"वास्तवमा, हरेक पोस्टमा समूह बनाएर उसलाई दिनभरि जिस्क्याउँछन्",0,0,1,0
473,SocialMedia,"साथी, तिम्रो जातको मान्छेले सामाजिक सञ्जालमा बोल्नै हुँदैन",0,0,0,1
474,SocialMedia,तिम्रो छालाको रङको कारण कमेन्टमा लगातार गाली गरिन्छ,0,0,0,1
475,SocialMedia,"अरे, धर्मको आधारमा तिमीलाई अनलाइनमा लगातार तिरस्कार गरिन्छ",0,0,0,1
476,SocialMedia,"अरे, तिम्रो लिङ्गको कारण तिमीलाई बेकार भन्दै कमेन्टमा होच्याइयो",1,0,0,1
477,SocialMedia,"वास्तवमा, फेरि पोस्ट गरे एकाउन्टह्याक गरेर सबैलाई जानकारी लिक गर्छु भन्दै धम्क्याए",0,1,1,0
478,SocialMedia,"साथी, दिनहुँ फेक प्रोफाइलबाट धम्की र गाली दुवै पठाइरहन्छन्",0,1,1,0
479,SocialMedia,"आजको पोस्ट एकदम प्रेरणादायी थियो, धन्यवाद सेयर गर्नुभएकोमा",0,0,0,0
480,SocialMedia,तपाईंको फोटोग्राफी सीप साँच्चै उत्कृष्ट छ,0,0,0,0
481,SocialMedia,"अरे, यो जानकारी धेरै उपयोगी रह्यो, सेयर गरिदिनुहोस्",0,0,0,0
482,SocialMedia,"वास्तवमा, भिडियो हेरेर धेरै केही सिक्न पाइयो, धन्यवाद",0,0,0,0
483,SocialMedia,आजको लाइभ सेसन धेरै रमाइलो थियो,0,0,0,0
484,SocialMedia,"अरे, नयाँ पोस्टको लागि धेरै धेरै बधाई छ",0,0,0,0
485,SocialMedia,यो पोस्ट गर्ने मान्छे साह्रै मूर्ख र बेकार रहेछ,1,0,0,0
486,SocialMedia,"अरे, तिम्रो फोटो हेर्दा नै वाक्क लाग्छ, कति कुरूप",1,0,0,0
487,SocialMedia,"साथी, यस्तो बेकार कन्टेन्ट बनाउने तिमी जस्तो नालायक कोही छैन",1,0,0,0
488,SocialMedia,"सुन्, तिम्रो एकाउन्ट पत्ता लगाएर तिमीलाई सिध्याइदिन्छु",0,1,0,0
489,SocialMedia,"वास्तवमा, यो भिडियो नहटाए तिम्रो घर ठेगाना पब्लिक गरिदिन्छु",0,1,0,0
490,SocialMedia,"अरे, फेरि यस्तो पोस्ट गरे तिम्रो परिवारलाई नोक्सान पुर्‍याउँछु",0,1,0,0
491,SocialMedia,"सुन्, कमेन्ट सेक्सनमा दिनहुँ उसलाई ट्याग गरेर होच्याइन्छ",0,0,1,0
492,SocialMedia,"फेरि भन्छु, धेरै फेक एकाउन्टबाट लगातार अपमानजनक म्यासेज पठाइरहन्छन्",0,0,1,0
493,SocialMedia,हरेक पोस्टमा समूह बनाएर उसलाई दिनभरि जिस्क्याउँछन्,0,0,1,0
494,SocialMedia,"सुन्, तिम्रो जातको मान्छेले सामाजिक सञ्जालमा बोल्नै हुँदैन",0,0,0,1
495,SocialMedia,"अरे, तिम्रो छालाको रङको कारण कमेन्टमा लगातार गाली गरिन्छ",0,0,0,1
496,SocialMedia,"सुन्, धर्मको आधारमा तिमीलाई अनलाइनमा लगातार तिरस्कार गरिन्छ",0,0,0,1
497,SocialMedia,तिम्रो लिङ्गको कारण तिमीलाई बेकार भन्दै कमेन्टमा होच्याइयो,1,0,0,1
498,SocialMedia,फेरि पोस्ट गरे एकाउन्टह्याक गरेर सबैलाई जानकारी लिक गर्छु भन्दै धम्क्याए,0,1,1,0
499,SocialMedia,"साथी, दिनहुँ फेक प्रोफाइलबाट धम्की र गाली दुवै पठाइरहन्छन्",0,1,1,0
500,SocialMedia,"फेरि भन्छु, आजको पोस्ट एकदम प्रेरणादायी थियो, धन्यवाद सेयर गर्नुभएकोमा",0,0,0,0
501,PrivateMessage,तिमी त एकदम बेकार र बुद्धिहीन मान्छे रहेछौ,1,0,0,0
502,PrivateMessage,"तिमीसँग कुरा गर्दा नै समय बर्बाद हुन्छ, कति नालायक",1,0,0,0
503,PrivateMessage,तिम्रो सोच्ने तरिका साह्रै मूर्खतापूर्ण छ,1,0,0,0
504,PrivateMessage,यो कुरा कसैलाई नभने तिम्रो फोटो लिक गरिदिन्छु,0,1,0,0
505,PrivateMessage,जवाफ नदिए तिमीलाई ठूलो समस्यामा पार्छु,0,1,0,0
506,PrivateMessage,फेरि ब्लक गरे तिम्रो नम्बर सबैलाई पठाइदिन्छु,0,1,0,0
507,PrivateMessage,दिनको दर्जनौं म्यासेज पठाएर जवाफ नआउँदासम्म पछि लाग्छ,0,0,1,0
508,PrivateMessage,रोक्नु भन्दा पनि लगातार अनावश्यक म्यासेज पठाइरहन्छ,0,0,1,0
509,PrivateMessage,जवाफ नदिँदा पनि हरेक घण्टामा म्यासेज गरिरहन्छ,0,0,1,0
510,PrivateMessage,तिम्रो जातको कारण तिमीसँग कुरा गर्न लाज लाग्छ,0,0,0,1
511,PrivateMessage,तिम्रो धर्मको मान्छेसँग म्यासेज गर्न मन लाग्दैन,0,0,0,1
512,PrivateMessage,तिमी विदेशी भएकोले तिमीसँग कुनै सम्बन्ध राख्दिन,0,0,0,1
513,PrivateMessage,"तिम्रो लिङ्गको कारण तिमीलाई बेकार ठान्छु, बोल्न लायक छैनौ",1,0,0,1
514,PrivateMessage,जवाफ नदिए निजी फोटो सार्वजनिक गर्ने धम्की दिँदै दिनहुँ म्यासेज गर्छ,0,1,1,0
515,PrivateMessage,ब्लक गरे पनि नयाँ नम्बरबाट लगातार धम्की दिँदै म्यासेज गरिरहन्छ,0,1,1,0
516,PrivateMessage,"आज कस्तो छ, धेरै दिन भयो कुरा नभएको",0,0,0,0
517,PrivateMessage,भोलि भेट्ने कार्यक्रम मिलाऔं,0,0,0,0
518,PrivateMessage,तिम्रो सहयोगको लागि धेरै धन्यवाद,0,0,0,0
519,PrivateMessage,"आजको दिन कस्तो बित्यो, सबै ठिक छ?",0,0,0,0
520,PrivateMessage,"पठाएको फाइल प्राप्त भयो, धन्यवाद",0,0,0,0
521,PrivateMessage,"साथी, तिमी त एकदम बेकार र बुद्धिहीन मान्छे रहेछौ",1,0,0,0
522,PrivateMessage,"वास्तवमा, तिमीसँग कुरा गर्दा नै समय बर्बाद हुन्छ, कति नालायक",1,0,0,0
523,PrivateMessage,"फेरि भन्छु, तिम्रो सोच्ने तरिका साह्रै मूर्खतापूर्ण छ",1,0,0,0
524,PrivateMessage,"साथी, यो कुरा कसैलाई नभने तिम्रो फोटो लिक गरिदिन्छु",0,1,0,0
525,PrivateMessage,जवाफ नदिए तिमीलाई ठूलो समस्यामा पार्छु,0,1,0,0
526,PrivateMessage,"अरे, फेरि ब्लक गरे तिम्रो नम्बर सबैलाई पठाइदिन्छु",0,1,0,0
527,PrivateMessage,दिनको दर्जनौं म्यासेज पठाएर जवाफ नआउँदासम्म पछि लाग्छ,0,0,1,0
528,PrivateMessage,"अरे, रोक्नु भन्दा पनि लगातार अनावश्यक म्यासेज पठाइरहन्छ",0,0,1,0
529,PrivateMessage,"सुन्, जवाफ नदिँदा पनि हरेक घण्टामा म्यासेज गरिरहन्छ",0,0,1,0
530,PrivateMessage,तिम्रो जातको कारण तिमीसँग कुरा गर्न लाज लाग्छ,0,0,0,1
531,PrivateMessage,"वास्तवमा, तिम्रो धर्मको मान्छेसँग म्यासेज गर्न मन लाग्दैन",0,0,0,1
532,PrivateMessage,"सुन्, तिमी विदेशी भएकोले तिमीसँग कुनै सम्बन्ध राख्दिन",0,0,0,1
533,PrivateMessage,"तिम्रो लिङ्गको कारण तिमीलाई बेकार ठान्छु, बोल्न लायक छैनौ",1,0,0,1
534,PrivateMessage,"अरे, जवाफ नदिए निजी फोटो सार्वजनिक गर्ने धम्की दिँदै दिनहुँ म्यासेज गर्छ",0,1,1,0
535,PrivateMessage,ब्लक गरे पनि नयाँ नम्बरबाट लगातार धम्की दिँदै म्यासेज गरिरहन्छ,0,1,1,0
536,PrivateMessage,"आज कस्तो छ, धेरै दिन भयो कुरा नभएको",0,0,0,0
537,PrivateMessage,"अरे, भोलि भेट्ने कार्यक्रम मिलाऔं",0,0,0,0
538,PrivateMessage,"सुन्, तिम्रो सहयोगको लागि धेरै धन्यवाद",0,0,0,0
539,PrivateMessage,"साथी, आजको दिन कस्तो बित्यो, सबै ठिक छ?",0,0,0,0
540,PrivateMessage,"फेरि भन्छु, पठाएको फाइल प्राप्त भयो, धन्यवाद",0,0,0,0
541,PrivateMessage,तिमी त एकदम बेकार र बुद्धिहीन मान्छे रहेछौ,1,0,0,0
542,PrivateMessage,"साथी, तिमीसँग कुरा गर्दा नै समय बर्बाद हुन्छ, कति नालायक",1,0,0,0
543,PrivateMessage,"सुन्, तिम्रो सोच्ने तरिका साह्रै मूर्खतापूर्ण छ",1,0,0,0
544,PrivateMessage,"सुन्, यो कुरा कसैलाई नभने तिम्रो फोटो लिक गरिदिन्छु",0,1,0,0
545,PrivateMessage,जवाफ नदिए तिमीलाई ठूलो समस्यामा पार्छु,0,1,0,0
546,PrivateMessage,"वास्तवमा, फेरि ब्लक गरे तिम्रो नम्बर सबैलाई पठाइदिन्छु",0,1,0,0
547,PrivateMessage,दिनको दर्जनौं म्यासेज पठाएर जवाफ नआउँदासम्म पछि लाग्छ,0,0,1,0
548,PrivateMessage,"फेरि भन्छु, रोक्नु भन्दा पनि लगातार अनावश्यक म्यासेज पठाइरहन्छ",0,0,1,0
549,PrivateMessage,"अरे, जवाफ नदिँदा पनि हरेक घण्टामा म्यासेज गरिरहन्छ",0,0,1,0
550,PrivateMessage,"अरे, तिम्रो जातको कारण तिमीसँग कुरा गर्न लाज लाग्छ",0,0,0,1
551,PrivateMessage,"फेरि भन्छु, तिम्रो धर्मको मान्छेसँग म्यासेज गर्न मन लाग्दैन",0,0,0,1
552,PrivateMessage,"फेरि भन्छु, तिमी विदेशी भएकोले तिमीसँग कुनै सम्बन्ध राख्दिन",0,0,0,1
553,PrivateMessage,"तिम्रो लिङ्गको कारण तिमीलाई बेकार ठान्छु, बोल्न लायक छैनौ",1,0,0,1
554,PrivateMessage,जवाफ नदिए निजी फोटो सार्वजनिक गर्ने धम्की दिँदै दिनहुँ म्यासेज गर्छ,0,1,1,0
555,PrivateMessage,"वास्तवमा, ब्लक गरे पनि नयाँ नम्बरबाट लगातार धम्की दिँदै म्यासेज गरिरहन्छ",0,1,1,0
556,PrivateMessage,"आज कस्तो छ, धेरै दिन भयो कुरा नभएको",0,0,0,0
557,PrivateMessage,"अरे, भोलि भेट्ने कार्यक्रम मिलाऔं",0,0,0,0
558,PrivateMessage,"सुन्, तिम्रो सहयोगको लागि धेरै धन्यवाद",0,0,0,0
559,PrivateMessage,"अरे, आजको दिन कस्तो बित्यो, सबै ठिक छ?",0,0,0,0
560,PrivateMessage,"फेरि भन्छु, पठाएको फाइल प्राप्त भयो, धन्यवाद",0,0,0,0
561,PrivateMessage,"सुन्, तिमी त एकदम बेकार र बुद्धिहीन मान्छे रहेछौ",1,0,0,0
562,PrivateMessage,"तिमीसँग कुरा गर्दा नै समय बर्बाद हुन्छ, कति नालायक",1,0,0,0
563,PrivateMessage,"फेरि भन्छु, तिम्रो सोच्ने तरिका साह्रै मूर्खतापूर्ण छ",1,0,0,0
564,PrivateMessage,यो कुरा कसैलाई नभने तिम्रो फोटो लिक गरिदिन्छु,0,1,0,0
565,PrivateMessage,जवाफ नदिए तिमीलाई ठूलो समस्यामा पार्छु,0,1,0,0
566,PrivateMessage,"सुन्, फेरि ब्लक गरे तिम्रो नम्बर सबैलाई पठाइदिन्छु",0,1,0,0
567,PrivateMessage,"वास्तवमा, दिनको दर्जनौं म्यासेज पठाएर जवाफ नआउँदासम्म पछि लाग्छ",0,0,1,0
568,PrivateMessage,"वास्तवमा, रोक्नु भन्दा पनि लगातार अनावश्यक म्यासेज पठाइरहन्छ",0,0,1,0
569,PrivateMessage,जवाफ नदिँदा पनि हरेक घण्टामा म्यासेज गरिरहन्छ,0,0,1,0
570,PrivateMessage,तिम्रो जातको कारण तिमीसँग कुरा गर्न लाज लाग्छ,0,0,0,1
571,PrivateMessage,"वास्तवमा, तिम्रो धर्मको मान्छेसँग म्यासेज गर्न मन लाग्दैन",0,0,0,1
572,PrivateMessage,"वास्तवमा, तिमी विदेशी भएकोले तिमीसँग कुनै सम्बन्ध राख्दिन",0,0,0,1
573,PrivateMessage,"तिम्रो लिङ्गको कारण तिमीलाई बेकार ठान्छु, बोल्न लायक छैनौ",1,0,0,1
574,PrivateMessage,"वास्तवमा, जवाफ नदिए निजी फोटो सार्वजनिक गर्ने धम्की दिँदै दिनहुँ म्यासेज गर्छ",0,1,1,0
575,PrivateMessage,"अरे, ब्लक गरे पनि नयाँ नम्बरबाट लगातार धम्की दिँदै म्यासेज गरिरहन्छ",0,1,1,0
576,PrivateMessage,"वास्तवमा, आज कस्तो छ, धेरै दिन भयो कुरा नभएको",0,0,0,0
577,PrivateMessage,"फेरि भन्छु, भोलि भेट्ने कार्यक्रम मिलाऔं",0,0,0,0
578,PrivateMessage,"सुन्, तिम्रो सहयोगको लागि धेरै धन्यवाद",0,0,0,0
579,PrivateMessage,"आजको दिन कस्तो बित्यो, सबै ठिक छ?",0,0,0,0
580,PrivateMessage,"वास्तवमा, पठाएको फाइल प्राप्त भयो, धन्यवाद",0,0,0,0
581,PrivateMessage,"सुन्, तिमी त एकदम बेकार र बुद्धिहीन मान्छे रहेछौ",1,0,0,0
582,PrivateMessage,"वास्तवमा, तिमीसँग कुरा गर्दा नै समय बर्बाद हुन्छ, कति नालायक",1,0,0,0
583,PrivateMessage,तिम्रो सोच्ने तरिका साह्रै मूर्खतापूर्ण छ,1,0,0,0
584,PrivateMessage,यो कुरा कसैलाई नभने तिम्रो फोटो लिक गरिदिन्छु,0,1,0,0
585,PrivateMessage,"सुन्, जवाफ नदिए तिमीलाई ठूलो समस्यामा पार्छु",0,1,0,0
586,PrivateMessage,फेरि ब्लक गरे तिम्रो नम्बर सबैलाई पठाइदिन्छु,0,1,0,0
587,PrivateMessage,"साथी, दिनको दर्जनौं म्यासेज पठाएर जवाफ नआउँदासम्म पछि लाग्छ",0,0,1,0
588,PrivateMessage,"अरे, रोक्नु भन्दा पनि लगातार अनावश्यक म्यासेज पठाइरहन्छ",0,0,1,0
589,PrivateMessage,जवाफ नदिँदा पनि हरेक घण्टामा म्यासेज गरिरहन्छ,0,0,1,0
590,PrivateMessage,"सुन्, तिम्रो जातको कारण तिमीसँग कुरा गर्न लाज लाग्छ",0,0,0,1
591,PrivateMessage,तिम्रो धर्मको मान्छेसँग म्यासेज गर्न मन लाग्दैन,0,0,0,1
592,PrivateMessage,"साथी, तिमी विदेशी भएकोले तिमीसँग कुनै सम्बन्ध राख्दिन",0,0,0,1
593,PrivateMessage,"फेरि भन्छु, तिम्रो लिङ्गको कारण तिमीलाई बेकार ठान्छु, बोल्न लायक छैनौ",1,0,0,1
594,PrivateMessage,जवाफ नदिए निजी फोटो सार्वजनिक गर्ने धम्की दिँदै दिनहुँ म्यासेज गर्छ,0,1,1,0
595,PrivateMessage,"साथी, ब्लक गरे पनि नयाँ नम्बरबाट लगातार धम्की दिँदै म्यासेज गरिरहन्छ",0,1,1,0
596,PrivateMessage,"वास्तवमा, आज कस्तो छ, धेरै दिन भयो कुरा नभएको",0,0,0,0
597,PrivateMessage,"साथी, भोलि भेट्ने कार्यक्रम मिलाऔं",0,0,0,0
598,PrivateMessage,"सुन्, तिम्रो सहयोगको लागि धेरै धन्यवाद",0,0,0,0
599,PrivateMessage,"सुन्, आजको दिन कस्तो बित्यो, सबै ठिक छ?",0,0,0,0
600,PrivateMessage,"फेरि भन्छु, पठाएको फाइल प्राप्त भयो, धन्यवाद",0,0,0,0
601,Friends,"तँ त सधैं यस्तै बेकार काम गर्छस्, कति अल्छी होस्",1,0,0,0
602,Friends,तेरो जोक्स कहिल्यै नराम्रो हुँदैन भन्ने सोच्छस्? साह्रै फोहोर,1,0,0,0
603,Friends,तँ जस्तो नालायक साथी मैले कहिल्यै पाएको छैन,1,0,0,0
604,Friends,फेरि यस्तो गरे साथीहरूको ग्रुपबाट निकाल्छु र सबैलाई भन्छु,0,1,0,0
605,Friends,मसँग नबोलिकन हिँडे तिम्रो सिक्रेट सबैलाई भनिदिन्छु,0,1,0,0
606,Friends,अब यस्तो व्यवहार गरे हाम्रो मित्रता सधैंको लागि सिध्याइदिन्छु भन्दै धम्क्याए,0,1,0,0
607,Friends,ग्रुपमा हरेक पटक उसैलाई मात्र जिस्क्याइन्छ र होच्याइन्छ,0,0,1,0
608,Friends,पार्टीमा जानाजान उसलाई नबोलाई सबै गए,0,0,1,0
609,Friends,ग्रुप च्याटमा उसको म्यासेजलाई सधैं बेवास्ता गरिन्छ,0,0,1,0
610,Friends,तिम्रो जातको कारण साथीहरूले तिमीलाई ग्रुपबाट हटाए,0,0,0,1
611,Friends,तिम्रो घरको आर्थिक अवस्थाको कारण तिमीलाई साथीहरूले हेप्छन्,0,0,0,1
612,Friends,तिम्रो रूपरङको कारण साथीहरूले उपनाम राखेर जिस्क्याउँछन्,1,0,0,1
613,Friends,तिम्रो लिङ्गको आधारमा खेलमा सामेल गरिँदैन र होच्याइन्छ,0,0,1,1
614,Friends,फेरि हाम्रो कुरा नमाने ग्रुपबाट हटाउने धम्की दिँदै सबैले बेवास्ता गरे,0,1,1,0
615,Friends,साथीहरूले नै अपमानजनक उपनाम राखेर लगातार पछि लाग्छन्,1,0,1,0
616,Friends,आज साथीहरूसँग घुम्न गएको धेरै रमाइलो भयो,0,0,0,0
617,Friends,तिमी जस्तो साथी पाएकोमा म धेरै खुसी छु,0,0,0,0
618,Friends,भोलि सबै साथीहरू भेला भएर पिकनिक जाने योजना छ,0,0,0,0
619,Friends,परीक्षामा राम्रो गरेकोमा धेरै बधाई छ साथी,0,0,0,0
620,Friends,आज तिम्रो जन्मदिनको लागि धेरै धेरै शुभकामना,0,0,0,0
621,Friends,"सुन्, तँ त सधैं यस्तै बेकार काम गर्छस्, कति अल्छी होस्",1,0,0,0
622,Friends,तेरो जोक्स कहिल्यै नराम्रो हुँदैन भन्ने सोच्छस्? साह्रै फोहोर,1,0,0,0
623,Friends,"साथी, तँ जस्तो नालायक साथी मैले कहिल्यै पाएको छैन",1,0,0,0
624,Friends,"सुन्, फेरि यस्तो गरे साथीहरूको ग्रुपबाट निकाल्छु र सबैलाई भन्छु",0,1,0,0
625,Friends,"सुन्, मसँग नबोलिकन हिँडे तिम्रो सिक्रेट सबैलाई भनिदिन्छु",0,1,0,0
626,Friends,"अरे, अब यस्तो व्यवहार गरे हाम्रो मित्रता सधैंको लागि सिध्याइदिन्छु भन्दै धम्क्याए",0,1,0,0
627,Friends,ग्रुपमा हरेक पटक उसैलाई मात्र जिस्क्याइन्छ र होच्याइन्छ,0,0,1,0
628,Friends,"साथी, पार्टीमा जानाजान उसलाई नबोलाई सबै गए",0,0,1,0
629,Friends,"फेरि भन्छु, ग्रुप च्याटमा उसको म्यासेजलाई सधैं बेवास्ता गरिन्छ",0,0,1,0
630,Friends,"सुन्, तिम्रो जातको कारण साथीहरूले तिमीलाई ग्रुपबाट हटाए",0,0,0,1
631,Friends,"फेरि भन्छु, तिम्रो घरको आर्थिक अवस्थाको कारण तिमीलाई साथीहरूले हेप्छन्",0,0,0,1
632,Friends,"अरे, तिम्रो रूपरङको कारण साथीहरूले उपनाम राखेर जिस्क्याउँछन्",1,0,0,1
633,Friends,तिम्रो लिङ्गको आधारमा खेलमा सामेल गरिँदैन र होच्याइन्छ,0,0,1,1
634,Friends,"वास्तवमा, फेरि हाम्रो कुरा नमाने ग्रुपबाट हटाउने धम्की दिँदै सबैले बेवास्ता गरे",0,1,1,0
635,Friends,"सुन्, साथीहरूले नै अपमानजनक उपनाम राखेर लगातार पछि लाग्छन्",1,0,1,0
636,Friends,आज साथीहरूसँग घुम्न गएको धेरै रमाइलो भयो,0,0,0,0
637,Friends,"वास्तवमा, तिमी जस्तो साथी पाएकोमा म धेरै खुसी छु",0,0,0,0
638,Friends,"सुन्, भोलि सबै साथीहरू भेला भएर पिकनिक जाने योजना छ",0,0,0,0
639,Friends,"साथी, परीक्षामा राम्रो गरेकोमा धेरै बधाई छ साथी",0,0,0,0
640,Friends,"साथी, आज तिम्रो जन्मदिनको लागि धेरै धेरै शुभकामना",0,0,0,0
641,Friends,"तँ त सधैं यस्तै बेकार काम गर्छस्, कति अल्छी होस्",1,0,0,0
642,Friends,"साथी, तेरो जोक्स कहिल्यै नराम्रो हुँदैन भन्ने सोच्छस्? साह्रै फोहोर",1,0,0,0
643,Friends,"साथी, तँ जस्तो नालायक साथी मैले कहिल्यै पाएको छैन",1,0,0,0
644,Friends,"साथी, फेरि यस्तो गरे साथीहरूको ग्रुपबाट निकाल्छु र सबैलाई भन्छु",0,1,0,0
645,Friends,"वास्तवमा, मसँग नबोलिकन हिँडे तिम्रो सिक्रेट सबैलाई भनिदिन्छु",0,1,0,0
646,Friends,"साथी, अब यस्तो व्यवहार गरे हाम्रो मित्रता सधैंको लागि सिध्याइदिन्छु भन्दै धम्क्याए",0,1,0,0
647,Friends,ग्रुपमा हरेक पटक उसैलाई मात्र जिस्क्याइन्छ र होच्याइन्छ,0,0,1,0
648,Friends,"सुन्, पार्टीमा जानाजान उसलाई नबोलाई सबै गए",0,0,1,0
649,Friends,"फेरि भन्छु, ग्रुप च्याटमा उसको म्यासेजलाई सधैं बेवास्ता गरिन्छ",0,0,1,0
650,Friends,"अरे, तिम्रो जातको कारण साथीहरूले तिमीलाई ग्रुपबाट हटाए",0,0,0,1
651,Friends,"साथी, तिम्रो घरको आर्थिक अवस्थाको कारण तिमीलाई साथीहरूले हेप्छन्",0,0,0,1
652,Friends,तिम्रो रूपरङको कारण साथीहरूले उपनाम राखेर जिस्क्याउँछन्,1,0,0,1
653,Friends,तिम्रो लिङ्गको आधारमा खेलमा सामेल गरिँदैन र होच्याइन्छ,0,0,1,1
654,Friends,फेरि हाम्रो कुरा नमाने ग्रुपबाट हटाउने धम्की दिँदै सबैले बेवास्ता गरे,0,1,1,0
655,Friends,"साथी, साथीहरूले नै अपमानजनक उपनाम राखेर लगातार पछि लाग्छन्",1,0,1,0
656,Friends,"सुन्, आज साथीहरूसँग घुम्न गएको धेरै रमाइलो भयो",0,0,0,0
657,Friends,"अरे, तिमी जस्तो साथी पाएकोमा म धेरै खुसी छु",0,0,0,0
658,Friends,भोलि सबै साथीहरू भेला भएर पिकनिक जाने योजना छ,0,0,0,0
659,Friends,"अरे, परीक्षामा राम्रो गरेकोमा धेरै बधाई छ साथी",0,0,0,0
660,Friends,"अरे, आज तिम्रो जन्मदिनको लागि धेरै धेरै शुभकामना",0,0,0,0
661,Friends,"तँ त सधैं यस्तै बेकार काम गर्छस्, कति अल्छी होस्",1,0,0,0
662,Friends,"साथी, तेरो जोक्स कहिल्यै नराम्रो हुँदैन भन्ने सोच्छस्? साह्रै फोहोर",1,0,0,0
663,Friends,"वास्तवमा, तँ जस्तो नालायक साथी मैले कहिल्यै पाएको छैन",1,0,0,0
664,Friends,"फेरि भन्छु, फेरि यस्तो गरे साथीहरूको ग्रुपबाट निकाल्छु र सबैलाई भन्छु",0,1,0,0
665,Friends,"अरे, मसँग नबोलिकन हिँडे तिम्रो सिक्रेट सबैलाई भनिदिन्छु",0,1,0,0
666,Friends,"अरे, अब यस्तो व्यवहार गरे हाम्रो मित्रता सधैंको लागि सिध्याइदिन्छु भन्दै धम्क्याए",0,1,0,0
667,Friends,"वास्तवमा, ग्रुपमा हरेक पटक उसैलाई मात्र जिस्क्याइन्छ र होच्याइन्छ",0,0,1,0
668,Friends,"वास्तवमा, पार्टीमा जानाजान उसलाई नबोलाई सबै गए",0,0,1,0
669,Friends,"वास्तवमा, ग्रुप च्याटमा उसको म्यासेजलाई सधैं बेवास्ता गरिन्छ",0,0,1,0
670,Friends,तिम्रो जातको कारण साथीहरूले तिमीलाई ग्रुपबाट हटाए,0,0,0,1
671,Friends,"सुन्, तिम्रो घरको आर्थिक अवस्थाको कारण तिमीलाई साथीहरूले हेप्छन्",0,0,0,1
672,Friends,"फेरि भन्छु, तिम्रो रूपरङको कारण साथीहरूले उपनाम राखेर जिस्क्याउँछन्",1,0,0,1
673,Friends,"फेरि भन्छु, तिम्रो लिङ्गको आधारमा खेलमा सामेल गरिँदैन र होच्याइन्छ",0,0,1,1
674,Friends,"फेरि भन्छु, फेरि हाम्रो कुरा नमाने ग्रुपबाट हटाउने धम्की दिँदै सबैले बेवास्ता गरे",0,1,1,0
675,Friends,"वास्तवमा, साथीहरूले नै अपमानजनक उपनाम राखेर लगातार पछि लाग्छन्",1,0,1,0
676,Friends,"फेरि भन्छु, आज साथीहरूसँग घुम्न गएको धेरै रमाइलो भयो",0,0,0,0
677,Friends,"अरे, तिमी जस्तो साथी पाएकोमा म धेरै खुसी छु",0,0,0,0
678,Friends,"सुन्, भोलि सबै साथीहरू भेला भएर पिकनिक जाने योजना छ",0,0,0,0
679,Friends,"सुन्, परीक्षामा राम्रो गरेकोमा धेरै बधाई छ साथी",0,0,0,0
680,Friends,"सुन्, आज तिम्रो जन्मदिनको लागि धेरै धेरै शुभकामना",0,0,0,0
681,Friends,"सुन्, तँ त सधैं यस्तै बेकार काम गर्छस्, कति अल्छी होस्",1,0,0,0
682,Friends,तेरो जोक्स कहिल्यै नराम्रो हुँदैन भन्ने सोच्छस्? साह्रै फोहोर,1,0,0,0
683,Friends,"सुन्, तँ जस्तो नालायक साथी मैले कहिल्यै पाएको छैन",1,0,0,0
684,Friends,"वास्तवमा, फेरि यस्तो गरे साथीहरूको ग्रुपबाट निकाल्छु र सबैलाई भन्छु",0,1,0,0
685,Friends,"सुन्, मसँग नबोलिकन हिँडे तिम्रो सिक्रेट सबैलाई भनिदिन्छु",0,1,0,0
686,Friends,अब यस्तो व्यवहार गरे हाम्रो मित्रता सधैंको लागि सिध्याइदिन्छु भन्दै धम्क्याए,0,1,0,0
687,Friends,"साथी, ग्रुपमा हरेक पटक उसैलाई मात्र जिस्क्याइन्छ र होच्याइन्छ",0,0,1,0
688,Friends,पार्टीमा जानाजान उसलाई नबोलाई सबै गए,0,0,1,0
689,Friends,"साथी, ग्रुप च्याटमा उसको म्यासेजलाई सधैं बेवास्ता गरिन्छ",0,0,1,0
690,Friends,"सुन्, तिम्रो जातको कारण साथीहरूले तिमीलाई ग्रुपबाट हटाए",0,0,0,1
691,Friends,"साथी, तिम्रो घरको आर्थिक अवस्थाको कारण तिमीलाई साथीहरूले हेप्छन्",0,0,0,1
692,Friends,तिम्रो रूपरङको कारण साथीहरूले उपनाम राखेर जिस्क्याउँछन्,1,0,0,1
693,Friends,तिम्रो लिङ्गको आधारमा खेलमा सामेल गरिँदैन र होच्याइन्छ,0,0,1,1
694,Friends,"अरे, फेरि हाम्रो कुरा नमाने ग्रुपबाट हटाउने धम्की दिँदै सबैले बेवास्ता गरे",0,1,1,0
695,Friends,साथीहरूले नै अपमानजनक उपनाम राखेर लगातार पछि लाग्छन्,1,0,1,0
696,Friends,आज साथीहरूसँग घुम्न गएको धेरै रमाइलो भयो,0,0,0,0
697,Friends,तिमी जस्तो साथी पाएकोमा म धेरै खुसी छु,0,0,0,0
698,Friends,"अरे, भोलि सबै साथीहरू भेला भएर पिकनिक जाने योजना छ",0,0,0,0
699,Friends,"साथी, परीक्षामा राम्रो गरेकोमा धेरै बधाई छ साथी",0,0,0,0
700,Friends,"अरे, आज तिम्रो जन्मदिनको लागि धेरै धेरै शुभकामना",0,0,0,0
701,Spouse,तिमी त एकदम नालायक र बेकार जीवनसाथी होस्,1,0,0,0
702,Spouse,"तिमीले कुनै काम राम्रोसँग गर्न सक्दैनौ, कति अल्छी मान्छे",1,0,0,0
703,Spouse,तिमी जस्तो बुद्धिहीन मान्छेसँग विवाह गरेकोमा पछुतो लाग्छ,1,0,0,0
704,Spouse,"मेरो कुरा नमाने घरबाट निकालिदिन्छु, याद राख्",0,1,0,0
705,Spouse,फेरि यस्तो गरे तिमीलाई र तिम्रो परिवारलाई नोक्सान पुर्‍याउँछु,0,1,0,0
706,Spouse,सम्पत्तिबाट बेदखल गरिदिन्छु भने पनि यस्तै गर्छौ भने,0,1,0,0
707,Spouse,दिनहुँ सानो कुरामा पनि हप्काउँदै आफ्नो निर्णय थोपर्छ,0,0,1,0
708,Spouse,परिवारका सदस्यहरूसँग बोल्न नदिई सधैं एक्लै राख्छ,0,0,1,0
709,Spouse,मोबाइल जाँच्दै हरेक कुरामा शंका गरेर लगातार सोधपुछ गर्छ,0,0,1,0
710,Spouse,छोरी भएकै कारण तिमीलाई घरमा महत्व दिइँदैन,0,0,0,1
711,Spouse,तिम्रो परिवारको आर्थिक अवस्थाको कारण तिमीलाई होच्याइन्छ,0,0,0,1
712,Spouse,तिम्रो जातको कारण मेरो परिवारले तिमीलाई कहिल्यै स्वीकार गर्दैन,0,0,0,1
713,Spouse,कमाउन नसक्ने भएकै कारण तिमीलाई बोझ र नालायक भनिन्छ,1,0,0,1
714,Spouse,फेरि माइत जाने कुरा गरे सम्पत्तिबाट बेदखल गर्ने धम्की दिँदै सधैं नियन्त्रण गर्छ,0,1,1,0
715,Spouse,हरेक निर्णयमा अपमानित गर्दै घरबाट निकाल्ने धम्की दिइरहन्छ,1,1,0,0
716,Spouse,"आज खाना धेरै मीठो बनाएकी छ्यौ, धन्यवाद",0,0,0,0
717,Spouse,भोलि सँगै डाक्टरकहाँ जाने योजना बनाऔं,0,0,0,0
718,Spouse,तिम्रो साथ पाएकोमा म धेरै भाग्यमानी छु,0,0,0,0
719,Spouse,हाम्रो वर्षगाँठको लागि योजना बनाऔं,0,0,0,0
720,Spouse,"आज अफिसबाट फर्केर धेरै थकित छु, आराम गरौं",0,0,0,0
721,Spouse,"सुन्, तिमी त एकदम नालायक र बेकार जीवनसाथी होस्",1,0,0,0
722,Spouse,"फेरि भन्छु, तिमीले कुनै काम राम्रोसँग गर्न सक्दैनौ, कति अल्छी मान्छे",1,0,0,0
723,Spouse,"अरे, तिमी जस्तो बुद्धिहीन मान्छेसँग विवाह गरेकोमा पछुतो लाग्छ",1,0,0,0
724,Spouse,"फेरि भन्छु, मेरो कुरा नमाने घरबाट निकालिदिन्छु, याद राख्",0,1,0,0
725,Spouse,"फेरि भन्छु, फेरि यस्तो गरे तिमीलाई र तिम्रो परिवारलाई नोक्सान पुर्‍याउँछु",0,1,0,0
726,Spouse,"सुन्, सम्पत्तिबाट बेदखल गरिदिन्छु भने पनि यस्तै गर्छौ भने",0,1,0,0
727,Spouse,"सुन्, दिनहुँ सानो कुरामा पनि हप्काउँदै आफ्नो निर्णय थोपर्छ",0,0,1,0
728,Spouse,"अरे, परिवारका सदस्यहरूसँग बोल्न नदिई सधैं एक्लै राख्छ",0,0,1,0
729,Spouse,"फेरि भन्छु, मोबाइल जाँच्दै हरेक कुरामा शंका गरेर लगातार सोधपुछ गर्छ",0,0,1,0
730,Spouse,"अरे, छोरी भएकै कारण तिमीलाई घरमा महत्व दिइँदैन",0,0,0,1
731,Spouse,"साथी, तिम्रो परिवारको आर्थिक अवस्थाको कारण तिमीलाई होच्याइन्छ",0,0,0,1
732,Spouse,"साथी, तिम्रो जातको कारण मेरो परिवारले तिमीलाई कहिल्यै स्वीकार गर्दैन",0,0,0,1
733,Spouse,"फेरि भन्छु, कमाउन नसक्ने भएकै कारण तिमीलाई बोझ र नालायक भनिन्छ",1,0,0,1
734,Spouse,"अरे, फेरि माइत जाने कुरा गरे सम्पत्तिबाट बेदखल गर्ने धम्की दिँदै सधैं नियन्त्रण गर्छ",0,1,1,0
735,Spouse,"सुन्, हरेक निर्णयमा अपमानित गर्दै घरबाट निकाल्ने धम्की दिइरहन्छ",1,1,0,0
736,Spouse,"वास्तवमा, आज खाना धेरै मीठो बनाएकी छ्यौ, धन्यवाद",0,0,0,0
737,Spouse,"अरे, भोलि सँगै डाक्टरकहाँ जाने योजना बनाऔं",0,0,0,0
738,Spouse,"फेरि भन्छु, तिम्रो साथ पाएकोमा म धेरै भाग्यमानी छु",0,0,0,0
739,Spouse,"साथी, हाम्रो वर्षगाँठको लागि योजना बनाऔं",0,0,0,0
740,Spouse,"आज अफिसबाट फर्केर धेरै थकित छु, आराम गरौं",0,0,0,0
741,Spouse,"सुन्, तिमी त एकदम नालायक र बेकार जीवनसाथी होस्",1,0,0,0
742,Spouse,"तिमीले कुनै काम राम्रोसँग गर्न सक्दैनौ, कति अल्छी मान्छे",1,0,0,0
743,Spouse,"साथी, तिमी जस्तो बुद्धिहीन मान्छेसँग विवाह गरेकोमा पछुतो लाग्छ",1,0,0,0
744,Spouse,"मेरो कुरा नमाने घरबाट निकालिदिन्छु, याद राख्",0,1,0,0
745,Spouse,"अरे, फेरि यस्तो गरे तिमीलाई र तिम्रो परिवारलाई नोक्सान पुर्‍याउँछु",0,1,0,0
746,Spouse,"फेरि भन्छु, सम्पत्तिबाट बेदखल गरिदिन्छु भने पनि यस्तै गर्छौ भने",0,1,0,0
747,Spouse,"वास्तवमा, दिनहुँ सानो कुरामा पनि हप्काउँदै आफ्नो निर्णय थोपर्छ",0,0,1,0
748,Spouse,"वास्तवमा, परिवारका सदस्यहरूसँग बोल्न नदिई सधैं एक्लै राख्छ",0,0,1,0
749,Spouse,मोबाइल जाँच्दै हरेक कुरामा शंका गरेर लगातार सोधपुछ गर्छ,0,0,1,0
750,Spouse,"अरे, छोरी भएकै कारण तिमीलाई घरमा महत्व दिइँदैन",0,0,0,1
751,Spouse,"सुन्, तिम्रो परिवारको आर्थिक अवस्थाको कारण तिमीलाई होच्याइन्छ",0,0,0,1
752,Spouse,"सुन्, तिम्रो जातको कारण मेरो परिवारले तिमीलाई कहिल्यै स्वीकार गर्दैन",0,0,0,1
753,Spouse,"वास्तवमा, कमाउन नसक्ने भएकै कारण तिमीलाई बोझ र नालायक भनिन्छ",1,0,0,1
754,Spouse,"वास्तवमा, फेरि माइत जाने कुरा गरे सम्पत्तिबाट बेदखल गर्ने धम्की दिँदै सधैं नियन्त्रण गर्छ",0,1,1,0
755,Spouse,"अरे, हरेक निर्णयमा अपमानित गर्दै घरबाट निकाल्ने धम्की दिइरहन्छ",1,1,0,0
756,Spouse,"वास्तवमा, आज खाना धेरै मीठो बनाएकी छ्यौ, धन्यवाद",0,0,0,0
757,Spouse,"साथी, भोलि सँगै डाक्टरकहाँ जाने योजना बनाऔं",0,0,0,0
758,Spouse,"अरे, तिम्रो साथ पाएकोमा म धेरै भाग्यमानी छु",0,0,0,0
759,Spouse,हाम्रो वर्षगाँठको लागि योजना बनाऔं,0,0,0,0
760,Spouse,"फेरि भन्छु, आज अफिसबाट फर्केर धेरै थकित छु, आराम गरौं",0,0,0,0
761,Spouse,"अरे, तिमी त एकदम नालायक र बेकार जीवनसाथी होस्",1,0,0,0
762,Spouse,"तिमीले कुनै काम राम्रोसँग गर्न सक्दैनौ, कति अल्छी मान्छे",1,0,0,0
763,Spouse,तिमी जस्तो बुद्धिहीन मान्छेसँग विवाह गरेकोमा पछुतो लाग्छ,1,0,0,0
764,Spouse,"मेरो कुरा नमाने घरबाट निकालिदिन्छु, याद राख्",0,1,0,0
765,Spouse,"साथी, फेरि यस्तो गरे तिमीलाई र तिम्रो परिवारलाई नोक्सान पुर्‍याउँछु",0,1,0,0
766,Spouse,"साथी, सम्पत्तिबाट बेदखल गरिदिन्छु भने पनि यस्तै गर्छौ भने",0,1,0,0
767,Spouse,"अरे, दिनहुँ सानो कुरामा पनि हप्काउँदै आफ्नो निर्णय थोपर्छ",0,0,1,0
768,Spouse,परिवारका सदस्यहरूसँग बोल्न नदिई सधैं एक्लै राख्छ,0,0,1,0
769,Spouse,"फेरि भन्छु, मोबाइल जाँच्दै हरेक कुरामा शंका गरेर लगातार सोधपुछ गर्छ",0,0,1,0
770,Spouse,"सुन्, छोरी भएकै कारण तिमीलाई घरमा महत्व दिइँदैन",0,0,0,1
771,Spouse,तिम्रो परिवारको आर्थिक अवस्थाको कारण तिमीलाई होच्याइन्छ,0,0,0,1
772,Spouse,"सुन्, तिम्रो जातको कारण मेरो परिवारले तिमीलाई कहिल्यै स्वीकार गर्दैन",0,0,0,1
773,Spouse,"अरे, कमाउन नसक्ने भएकै कारण तिमीलाई बोझ र नालायक भनिन्छ",1,0,0,1
774,Spouse,"फेरि भन्छु, फेरि माइत जाने कुरा गरे सम्पत्तिबाट बेदखल गर्ने धम्की दिँदै सधैं नियन्त्रण गर्छ",0,1,1,0
775,Spouse,"साथी, हरेक निर्णयमा अपमानित गर्दै घरबाट निकाल्ने धम्की दिइरहन्छ",1,1,0,0
776,Spouse,"अरे, आज खाना धेरै मीठो बनाएकी छ्यौ, धन्यवाद",0,0,0,0
777,Spouse,"साथी, भोलि सँगै डाक्टरकहाँ जाने योजना बनाऔं",0,0,0,0
778,Spouse,"वास्तवमा, तिम्रो साथ पाएकोमा म धेरै भाग्यमानी छु",0,0,0,0
779,Spouse,हाम्रो वर्षगाँठको लागि योजना बनाऔं,0,0,0,0
780,Spouse,"सुन्, आज अफिसबाट फर्केर धेरै थकित छु, आराम गरौं",0,0,0,0
781,Spouse,तिमी त एकदम नालायक र बेकार जीवनसाथी होस्,1,0,0,0
782,Spouse,"वास्तवमा, तिमीले कुनै काम राम्रोसँग गर्न सक्दैनौ, कति अल्छी मान्छे",1,0,0,0
783,Spouse,तिमी जस्तो बुद्धिहीन मान्छेसँग विवाह गरेकोमा पछुतो लाग्छ,1,0,0,0
784,Spouse,"सुन्, मेरो कुरा नमाने घरबाट निकालिदिन्छु, याद राख्",0,1,0,0
785,Spouse,"वास्तवमा, फेरि यस्तो गरे तिमीलाई र तिम्रो परिवारलाई नोक्सान पुर्‍याउँछु",0,1,0,0
786,Spouse,सम्पत्तिबाट बेदखल गरिदिन्छु भने पनि यस्तै गर्छौ भने,0,1,0,0
787,Spouse,"सुन्, दिनहुँ सानो कुरामा पनि हप्काउँदै आफ्नो निर्णय थोपर्छ",0,0,1,0
788,Spouse,"अरे, परिवारका सदस्यहरूसँग बोल्न नदिई सधैं एक्लै राख्छ",0,0,1,0
789,Spouse,"फेरि भन्छु, मोबाइल जाँच्दै हरेक कुरामा शंका गरेर लगातार सोधपुछ गर्छ",0,0,1,0
790,Spouse,छोरी भएकै कारण तिमीलाई घरमा महत्व दिइँदैन,0,0,0,1
791,Spouse,"वास्तवमा, तिम्रो परिवारको आर्थिक अवस्थाको कारण तिमीलाई होच्याइन्छ",0,0,0,1
792,Spouse,तिम्रो जातको कारण मेरो परिवारले तिमीलाई कहिल्यै स्वीकार गर्दैन,0,0,0,1
793,Spouse,कमाउन नसक्ने भएकै कारण तिमीलाई बोझ र नालायक भनिन्छ,1,0,0,1
794,Spouse,"फेरि भन्छु, फेरि माइत जाने कुरा गरे सम्पत्तिबाट बेदखल गर्ने धम्की दिँदै सधैं नियन्त्रण गर्छ",0,1,1,0
795,Spouse,"साथी, हरेक निर्णयमा अपमानित गर्दै घरबाट निकाल्ने धम्की दिइरहन्छ",1,1,0,0
796,Spouse,"अरे, आज खाना धेरै मीठो बनाएकी छ्यौ, धन्यवाद",0,0,0,0
797,Spouse,भोलि सँगै डाक्टरकहाँ जाने योजना बनाऔं,0,0,0,0
798,Spouse,तिम्रो साथ पाएकोमा म धेरै भाग्यमानी छु,0,0,0,0
799,Spouse,हाम्रो वर्षगाँठको लागि योजना बनाऔं,0,0,0,0
800,Spouse,"अरे, आज अफिसबाट फर्केर धेरै थकित छु, आराम गरौं",0,0,0,0
801,BusinessPartner,तिमी जस्तो अयोग्य व्यापारिक साझेदार मैले कहिल्यै भेटेको छैन,1,0,0,0
802,BusinessPartner,"तिम्रो निर्णय सधैं मूर्खतापूर्ण हुन्छ, व्यापार बिगार्छौ",1,0,0,0
803,BusinessPartner,"यति सामान्य हिसाब पनि मिलाउन जान्दैनौ, कति नालायक",1,0,0,0
804,BusinessPartner,सम्झौता उल्लङ्घन गरे कानुनी रूपमा तिमीलाई सिध्याइदिन्छु,0,1,0,0
805,BusinessPartner,"अर्को गल्ती गरे कम्पनीबाट बाहिर निकालिदिन्छु, याद राख्",0,1,0,0
806,BusinessPartner,पैसा नफर्काए तिम्रो व्यापार पूर्ण रूपमा ध्वस्त पारिदिन्छु,0,1,0,0
807,BusinessPartner,हरेक बैठकमा उसको प्रस्ताव बेवास्ता गरी निर्णयबाट बाहिर राखिन्छ,0,0,1,0
808,BusinessPartner,साझेदारी सम्झौतामा जानाजान जानकारी लुकाएर निर्णयमा सामेल गरिँदैन,0,0,1,0
809,BusinessPartner,इमेल र बैठकबाट लगातार बहिष्कृत गर्दै सूचना दिइँदैन,0,0,1,0
810,BusinessPartner,तिम्रो जातीय पृष्ठभूमिको कारण यो साझेदारी अगाडि बढ्दैन,0,0,0,1
811,BusinessPartner,महिला भएकै कारण तिमीलाई ठूला निर्णयमा सामेल गरिँदैन,0,0,0,1
812,BusinessPartner,तिम्रो धर्मको कारण लगानीकर्ताहरूले तिमीलाई अस्वीकार गरे,0,0,0,1
813,BusinessPartner,साना व्यापारीको छोरा भएकै कारण उसलाई नालायक भन्दै बैठकबाट हटाइयो,1,0,1,0
814,BusinessPartner,सम्झौता तोडे कानुनी कारबाहीको धम्की दिँदै सबै निर्णयबाट बाहिर राखियो,0,1,1,0
815,BusinessPartner,भोलि हिसाब मिलाएर बैठक राखौं,0,0,0,0
816,BusinessPartner,"यो त्रैमासिकको नतिजा धेरै राम्रो आयो, बधाई छ",0,0,0,0
817,BusinessPartner,"नयाँ लगानीकर्तासँगको छलफल सफल भयो, धन्यवाद",0,0,0,0
818,BusinessPartner,"सम्झौताको मस्यौदा तयार भएको छ, हेरेर प्रतिक्रिया दिनुहोस्",0,0,0,0
819,BusinessPartner,हाम्रो साझेदारीले राम्रो नतिजा दिइरहेको छ,0,0,0,0
820,BusinessPartner,भोलिको प्रस्तुतिको लागि शुभकामना,0,0,0,0
821,BusinessPartner,"फेरि भन्छु, तिमी जस्तो अयोग्य व्यापारिक साझेदार मैले कहिल्यै भेटेको छैन",1,0,0,0
822,BusinessPartner,"तिम्रो निर्णय सधैं मूर्खतापूर्ण हुन्छ, व्यापार बिगार्छौ",1,0,0,0
823,BusinessPartner,"सुन्, यति सामान्य हिसाब पनि मिलाउन जान्दैनौ, कति नालायक",1,0,0,0
824,BusinessPartner,सम्झौता उल्लङ्घन गरे कानुनी रूपमा तिमीलाई सिध्याइदिन्छु,0,1,0,0
825,BusinessPartner,"फेरि भन्छु, अर्को गल्ती गरे कम्पनीबाट बाहिर निकालिदिन्छु, याद राख्",0,1,0,0
826,BusinessPartner,पैसा नफर्काए तिम्रो व्यापार पूर्ण रूपमा ध्वस्त पारिदिन्छु,0,1,0,0
827,BusinessPartner,"सुन्, हरेक बैठकमा उसको प्रस्ताव बेवास्ता गरी निर्णयबाट बाहिर राखिन्छ",0,0,1,0
828,BusinessPartner,साझेदारी सम्झौतामा जानाजान जानकारी लुकाएर निर्णयमा सामेल गरिँदैन,0,0,1,0
829,BusinessPartner,इमेल र बैठकबाट लगातार बहिष्कृत गर्दै सूचना दिइँदैन,0,0,1,0
830,BusinessPartner,"फेरि भन्छु, तिम्रो जातीय पृष्ठभूमिको कारण यो साझेदारी अगाडि बढ्दैन",0,0,0,1
831,BusinessPartner,"वास्तवमा, महिला भएकै कारण तिमीलाई ठूला निर्णयमा सामेल गरिँदैन",0,0,0,1
832,BusinessPartner,तिम्रो धर्मको कारण लगानीकर्ताहरूले तिमीलाई अस्वीकार गरे,0,0,0,1
833,BusinessPartner,"साथी, साना व्यापारीको छोरा भएकै कारण उसलाई नालायक भन्दै बैठकबाट हटाइयो",1,0,1,0
834,BusinessPartner,"साथी, सम्झौता तोडे कानुनी कारबाहीको धम्की दिँदै सबै निर्णयबाट बाहिर राखियो",0,1,1,0
835,BusinessPartner,भोलि हिसाब मिलाएर बैठक राखौं,0,0,0,0
836,BusinessPartner,"सुन्, यो त्रैमासिकको नतिजा धेरै राम्रो आयो, बधाई छ",0,0,0,0
837,BusinessPartner,"सुन्, नयाँ लगानीकर्तासँगको छलफल सफल भयो, धन्यवाद",0,0,0,0
838,BusinessPartner,"वास्तवमा, सम्झौताको मस्यौदा तयार भएको छ, हेरेर प्रतिक्रिया दिनुहोस्",0,0,0,0
839,BusinessPartner,"सुन्, हाम्रो साझेदारीले राम्रो नतिजा दिइरहेको छ",0,0,0,0
840,BusinessPartner,"सुन्, भोलिको प्रस्तुतिको लागि शुभकामना",0,0,0,0
841,BusinessPartner,तिमी जस्तो अयोग्य व्यापारिक साझेदार मैले कहिल्यै भेटेको छैन,1,0,0,0
842,BusinessPartner,"अरे, तिम्रो निर्णय सधैं मूर्खतापूर्ण हुन्छ, व्यापार बिगार्छौ",1,0,0,0
843,BusinessPartner,"वास्तवमा, यति सामान्य हिसाब पनि मिलाउन जान्दैनौ, कति नालायक",1,0,0,0
844,BusinessPartner,"साथी, सम्झौता उल्लङ्घन गरे कानुनी रूपमा तिमीलाई सिध्याइदिन्छु",0,1,0,0
845,BusinessPartner,"फेरि भन्छु, अर्को गल्ती गरे कम्पनीबाट बाहिर निकालिदिन्छु, याद राख्",0,1,0,0
846,BusinessPartner,"वास्तवमा, पैसा नफर्काए तिम्रो व्यापार पूर्ण रूपमा ध्वस्त पारिदिन्छु",0,1,0,0
847,BusinessPartner,हरेक बैठकमा उसको प्रस्ताव बेवास्ता गरी निर्णयबाट बाहिर राखिन्छ,0,0,1,0
848,BusinessPartner,साझेदारी सम्झौतामा जानाजान जानकारी लुकाएर निर्णयमा सामेल गरिँदैन,0,0,1,0
849,BusinessPartner,इमेल र बैठकबाट लगातार बहिष्कृत गर्दै सूचना दिइँदैन,0,0,1,0
850,BusinessPartner,तिम्रो जातीय पृष्ठभूमिको कारण यो साझेदारी अगाडि बढ्दैन,0,0,0,1
851,BusinessPartner,महिला भएकै कारण तिमीलाई ठूला निर्णयमा सामेल गरिँदैन,0,0,0,1
852,BusinessPartner,तिम्रो धर्मको कारण लगानीकर्ताहरूले तिमीलाई अस्वीकार गरे,0,0,0,1
853,BusinessPartner,"सुन्, साना व्यापारीको छोरा भएकै कारण उसलाई नालायक भन्दै बैठकबाट हटाइयो",1,0,1,0
854,BusinessPartner,"फेरि भन्छु, सम्झौता तोडे कानुनी कारबाहीको धम्की दिँदै सबै निर्णयबाट बाहिर राखियो",0,1,1,0
855,BusinessPartner,भोलि हिसाब मिलाएर बैठक राखौं,0,0,0,0
856,BusinessPartner,"साथी, यो त्रैमासिकको नतिजा धेरै राम्रो आयो, बधाई छ",0,0,0,0
857,BusinessPartner,"साथी, नयाँ लगानीकर्तासँगको छलफल सफल भयो, धन्यवाद",0,0,0,0
858,BusinessPartner,"वास्तवमा, सम्झौताको मस्यौदा तयार भएको छ, हेरेर प्रतिक्रिया दिनुहोस्",0,0,0,0
859,BusinessPartner,हाम्रो साझेदारीले राम्रो नतिजा दिइरहेको छ,0,0,0,0
860,BusinessPartner,भोलिको प्रस्तुतिको लागि शुभकामना,0,0,0,0
861,BusinessPartner,तिमी जस्तो अयोग्य व्यापारिक साझेदार मैले कहिल्यै भेटेको छैन,1,0,0,0
862,BusinessPartner,"सुन्, तिम्रो निर्णय सधैं मूर्खतापूर्ण हुन्छ, व्यापार बिगार्छौ",1,0,0,0
863,BusinessPartner,"फेरि भन्छु, यति सामान्य हिसाब पनि मिलाउन जान्दैनौ, कति नालायक",1,0,0,0
864,BusinessPartner,"सुन्, सम्झौता उल्लङ्घन गरे कानुनी रूपमा तिमीलाई सिध्याइदिन्छु",0,1,0,0
865,BusinessPartner,"साथी, अर्को गल्ती गरे कम्पनीबाट बाहिर निकालिदिन्छु, याद राख्",0,1,0,0
866,BusinessPartner,"वास्तवमा, पैसा नफर्काए तिम्रो व्यापार पूर्ण रूपमा ध्वस्त पारिदिन्छु",0,1,0,0
867,BusinessPartner,"अरे, हरेक बैठकमा उसको प्रस्ताव बेवास्ता गरी निर्णयबाट बाहिर राखिन्छ",0,0,1,0
868,BusinessPartner,"साथी, साझेदारी सम्झौतामा जानाजान जानकारी लुकाएर निर्णयमा सामेल गरिँदैन",0,0,1,0
869,BusinessPartner,"सुन्, इमेल र बैठकबाट लगातार बहिष्कृत गर्दै सूचना दिइँदैन",0,0,1,0
870,BusinessPartner,"अरे, तिम्रो जातीय पृष्ठभूमिको कारण यो साझेदारी अगाडि बढ्दैन",0,0,0,1
871,BusinessPartner,"साथी, महिला भएकै कारण तिमीलाई ठूला निर्णयमा सामेल गरिँदैन",0,0,0,1
872,BusinessPartner,"वास्तवमा, तिम्रो धर्मको कारण लगानीकर्ताहरूले तिमीलाई अस्वीकार गरे",0,0,0,1
873,BusinessPartner,"फेरि भन्छु, साना व्यापारीको छोरा भएकै कारण उसलाई नालायक भन्दै बैठकबाट हटाइयो",1,0,1,0
874,BusinessPartner,"साथी, सम्झौता तोडे कानुनी कारबाहीको धम्की दिँदै सबै निर्णयबाट बाहिर राखियो",0,1,1,0
875,BusinessPartner,"सुन्, भोलि हिसाब मिलाएर बैठक राखौं",0,0,0,0
876,BusinessPartner,"वास्तवमा, यो त्रैमासिकको नतिजा धेरै राम्रो आयो, बधाई छ",0,0,0,0
877,BusinessPartner,"सुन्, नयाँ लगानीकर्तासँगको छलफल सफल भयो, धन्यवाद",0,0,0,0
878,BusinessPartner,"सम्झौताको मस्यौदा तयार भएको छ, हेरेर प्रतिक्रिया दिनुहोस्",0,0,0,0
879,BusinessPartner,"सुन्, हाम्रो साझेदारीले राम्रो नतिजा दिइरहेको छ",0,0,0,0
880,BusinessPartner,"सुन्, भोलिको प्रस्तुतिको लागि शुभकामना",0,0,0,0
881,BusinessPartner,"साथी, तिमी जस्तो अयोग्य व्यापारिक साझेदार मैले कहिल्यै भेटेको छैन",1,0,0,0
882,BusinessPartner,"तिम्रो निर्णय सधैं मूर्खतापूर्ण हुन्छ, व्यापार बिगार्छौ",1,0,0,0
883,BusinessPartner,"यति सामान्य हिसाब पनि मिलाउन जान्दैनौ, कति नालायक",1,0,0,0
884,BusinessPartner,"फेरि भन्छु, सम्झौता उल्लङ्घन गरे कानुनी रूपमा तिमीलाई सिध्याइदिन्छु",0,1,0,0
885,BusinessPartner,"फेरि भन्छु, अर्को गल्ती गरे कम्पनीबाट बाहिर निकालिदिन्छु, याद राख्",0,1,0,0
886,BusinessPartner,"अरे, पैसा नफर्काए तिम्रो व्यापार पूर्ण रूपमा ध्वस्त पारिदिन्छु",0,1,0,0
887,BusinessPartner,हरेक बैठकमा उसको प्रस्ताव बेवास्ता गरी निर्णयबाट बाहिर राखिन्छ,0,0,1,0
888,BusinessPartner,साझेदारी सम्झौतामा जानाजान जानकारी लुकाएर निर्णयमा सामेल गरिँदैन,0,0,1,0
889,BusinessPartner,"साथी, इमेल र बैठकबाट लगातार बहिष्कृत गर्दै सूचना दिइँदैन",0,0,1,0
890,BusinessPartner,"साथी, तिम्रो जातीय पृष्ठभूमिको कारण यो साझेदारी अगाडि बढ्दैन",0,0,0,1
891,BusinessPartner,"सुन्, महिला भएकै कारण तिमीलाई ठूला निर्णयमा सामेल गरिँदैन",0,0,0,1
892,BusinessPartner,"फेरि भन्छु, तिम्रो धर्मको कारण लगानीकर्ताहरूले तिमीलाई अस्वीकार गरे",0,0,0,1
893,BusinessPartner,"अरे, साना व्यापारीको छोरा भएकै कारण उसलाई नालायक भन्दै बैठकबाट हटाइयो",1,0,1,0
894,BusinessPartner,"वास्तवमा, सम्झौता तोडे कानुनी कारबाहीको धम्की दिँदै सबै निर्णयबाट बाहिर राखियो",0,1,1,0
895,BusinessPartner,"अरे, भोलि हिसाब मिलाएर बैठक राखौं",0,0,0,0
896,BusinessPartner,"यो त्रैमासिकको नतिजा धेरै राम्रो आयो, बधाई छ",0,0,0,0
897,BusinessPartner,"नयाँ लगानीकर्तासँगको छलफल सफल भयो, धन्यवाद",0,0,0,0
898,BusinessPartner,"साथी, सम्झौताको मस्यौदा तयार भएको छ, हेरेर प्रतिक्रिया दिनुहोस्",0,0,0,0
899,BusinessPartner,"साथी, हाम्रो साझेदारीले राम्रो नतिजा दिइरहेको छ",0,0,0,0
900,BusinessPartner,"सुन्, भोलिको प्रस्तुतिको लागि शुभकामना",0,0,0,0
901,PublicInterest,यो नेता त पूर्ण रूपमा अयोग्य र बेकार व्यक्ति हो,1,0,0,0
902,PublicInterest,यस्तो मूर्खतापूर्ण नीति ल्याउने अधिकारी साह्रै नालायक छ,1,0,0,0
903,PublicInterest,सार्वजनिक कार्यक्रममा बोल्ने व्यक्ति साह्रै बेकार वक्ता रहेछ,1,0,0,0
904,PublicInterest,यो नीति फिर्ता नलिए विरोध प्रदर्शनमा हिंसा हुनेछ भन्दै चेतावनी,0,1,0,0
905,PublicInterest,यस्तो निर्णय कायम राखे सार्वजनिक सम्पत्ति नष्ट गरिनेछ,0,1,0,0
906,PublicInterest,जवाफदेही नभए भोलि कार्यालय घेराउ गरी क्षति पुर्‍याइनेछ,0,1,0,0
907,PublicInterest,सामाजिक सञ्जालमा एक समूहले निरन्तर एक पत्रकारलाई लक्षित गर्दै हैरान पार्छ,0,0,1,0
908,PublicInterest,सार्वजनिक बहसमा एक जनाको विचारलाई सधैं बेवास्ता र होच्याइन्छ,0,0,1,0
909,PublicInterest,अभियानको क्रममा एक कार्यकर्तालाई लगातार सन्देश पठाएर हैरान पारिन्छ,0,0,1,0
910,PublicInterest,यो समुदायका मान्छेहरूले सार्वजनिक पद पाउनु हुँदैन,0,0,0,1
911,PublicInterest,धर्मको आधारमा यो उम्मेदवारलाई अयोग्य ठहर्याइयो,0,0,0,1
912,PublicInterest,लिङ्गको आधारमा यो नेतालाई नेतृत्व लायक छैन भनियो,0,0,0,1
913,PublicInterest,अल्पसंख्यक समुदायको भएकै कारण उम्मेदवारलाई नालायक भन्दै अपमानित गरियो,1,0,0,1
914,PublicInterest,नीति विरोध गरे सामाजिक बहिष्कार गर्ने र क्षति पुर्‍याउने चेतावनी दिइयो,0,1,1,0
915,PublicInterest,आजको सार्वजनिक सुनुवाइमा धेरै राम्रो सुझाव आए,0,0,0,0
916,PublicInterest,नयाँ नीतिले सर्वसाधारणलाई प्रत्यक्ष फाइदा पुर्‍याउनेछ,0,0,0,0
917,PublicInterest,"सामुदायिक कार्यक्रम सफलतापूर्वक सम्पन्न भयो, धन्यवाद सबैलाई",0,0,0,0
918,PublicInterest,यो अभियानले धेरै जनाको ध्यान तान्न सफल भयो,0,0,0,0
919,PublicInterest,सार्वजनिक छलफलमा सहभागी हुनुभएकोमा धन्यवाद,0,0,0,0
920,PublicInterest,यो विषयमा थप जानकारीको लागि वेबसाइट हेर्नुहोस्,0,0,0,0
921,PublicInterest,यो नेता त पूर्ण रूपमा अयोग्य र बेकार व्यक्ति हो,1,0,0,0
922,PublicInterest,यस्तो मूर्खतापूर्ण नीति ल्याउने अधिकारी साह्रै नालायक छ,1,0,0,0
923,PublicInterest,"फेरि भन्छु, सार्वजनिक कार्यक्रममा बोल्ने व्यक्ति साह्रै बेकार वक्ता रहेछ",1,0,0,0
924,PublicInterest,"अरे, यो नीति फिर्ता नलिए विरोध प्रदर्शनमा हिंसा हुनेछ भन्दै चेतावनी",0,1,0,0
925,PublicInterest,यस्तो निर्णय कायम राखे सार्वजनिक सम्पत्ति नष्ट गरिनेछ,0,1,0,0
926,PublicInterest,"फेरि भन्छु, जवाफदेही नभए भोलि कार्यालय घेराउ गरी क्षति पुर्‍याइनेछ",0,1,0,0
927,PublicInterest,सामाजिक सञ्जालमा एक समूहले निरन्तर एक पत्रकारलाई लक्षित गर्दै हैरान पार्छ,0,0,1,0
928,PublicInterest,"सुन्, सार्वजनिक बहसमा एक जनाको विचारलाई सधैं बेवास्ता र होच्याइन्छ",0,0,1,0
929,PublicInterest,अभियानको क्रममा एक कार्यकर्तालाई लगातार सन्देश पठाएर हैरान पारिन्छ,0,0,1,0
930,PublicInterest,यो समुदायका मान्छेहरूले सार्वजनिक पद पाउनु हुँदैन,0,0,0,1
931,PublicInterest,धर्मको आधारमा यो उम्मेदवारलाई अयोग्य ठहर्याइयो,0,0,0,1
932,PublicInterest,"साथी, लिङ्गको आधारमा यो नेतालाई नेतृत्व लायक छैन भनियो",0,0,0,1
933,PublicInterest,"अरे, अल्पसंख्यक समुदायको भएकै कारण उम्मेदवारलाई नालायक भन्दै अपमानित गरियो",1,0,0,1
934,PublicInterest,"वास्तवमा, नीति विरोध गरे सामाजिक बहिष्कार गर्ने र क्षति पुर्‍याउने चेतावनी दिइयो",0,1,1,0
935,PublicInterest,"साथी, आजको सार्वजनिक सुनुवाइमा धेरै राम्रो सुझाव आए",0,0,0,0
936,PublicInterest,नयाँ नीतिले सर्वसाधारणलाई प्रत्यक्ष फाइदा पुर्‍याउनेछ,0,0,0,0
937,PublicInterest,"अरे, सामुदायिक कार्यक्रम सफलतापूर्वक सम्पन्न भयो, धन्यवाद सबैलाई",0,0,0,0
938,PublicInterest,यो अभियानले धेरै जनाको ध्यान तान्न सफल भयो,0,0,0,0
939,PublicInterest,सार्वजनिक छलफलमा सहभागी हुनुभएकोमा धन्यवाद,0,0,0,0
940,PublicInterest,"अरे, यो विषयमा थप जानकारीको लागि वेबसाइट हेर्नुहोस्",0,0,0,0
941,PublicInterest,"सुन्, यो नेता त पूर्ण रूपमा अयोग्य र बेकार व्यक्ति हो",1,0,0,0
942,PublicInterest,"साथी, यस्तो मूर्खतापूर्ण नीति ल्याउने अधिकारी साह्रै नालायक छ",1,0,0,0
943,PublicInterest,"अरे, सार्वजनिक कार्यक्रममा बोल्ने व्यक्ति साह्रै बेकार वक्ता रहेछ",1,0,0,0
944,PublicInterest,"सुन्, यो नीति फिर्ता नलिए विरोध प्रदर्शनमा हिंसा हुनेछ भन्दै चेतावनी",0,1,0,0
945,PublicInterest,"फेरि भन्छु, यस्तो निर्णय कायम राखे सार्वजनिक सम्पत्ति नष्ट गरिनेछ",0,1,0,0
946,PublicInterest,"अरे, जवाफदेही नभए भोलि कार्यालय घेराउ गरी क्षति पुर्‍याइनेछ",0,1,0,0
947,PublicInterest,"साथी, सामाजिक सञ्जालमा एक समूहले निरन्तर एक पत्रकारलाई लक्षित गर्दै हैरान पार्छ",0,0,1,0
948,PublicInterest,"फेरि भन्छु, सार्वजनिक बहसमा एक जनाको विचारलाई सधैं बेवास्ता र होच्याइन्छ",0,0,1,0
949,PublicInterest,"सुन्, अभियानको क्रममा एक कार्यकर्तालाई लगातार सन्देश पठाएर हैरान पारिन्छ",0,0,1,0
950,PublicInterest,"साथी, यो समुदायका मान्छेहरूले सार्वजनिक पद पाउनु हुँदैन",0,0,0,1
951,PublicInterest,"वास्तवमा, धर्मको आधारमा यो उम्मेदवारलाई अयोग्य ठहर्याइयो",0,0,0,1
952,PublicInterest,"साथी, लिङ्गको आधारमा यो नेतालाई नेतृत्व लायक छैन भनियो",0,0,0,1
953,PublicInterest,अल्पसंख्यक समुदायको भएकै कारण उम्मेदवारलाई नालायक भन्दै अपमानित गरियो,1,0,0,1
954,PublicInterest,"साथी, नीति विरोध गरे सामाजिक बहिष्कार गर्ने र क्षति पुर्‍याउने चेतावनी दिइयो",0,1,1,0
955,PublicInterest,"फेरि भन्छु, आजको सार्वजनिक सुनुवाइमा धेरै राम्रो सुझाव आए",0,0,0,0
956,PublicInterest,"अरे, नयाँ नीतिले सर्वसाधारणलाई प्रत्यक्ष फाइदा पुर्‍याउनेछ",0,0,0,0
957,PublicInterest,"साथी, सामुदायिक कार्यक्रम सफलतापूर्वक सम्पन्न भयो, धन्यवाद सबैलाई",0,0,0,0
958,PublicInterest,"वास्तवमा, यो अभियानले धेरै जनाको ध्यान तान्न सफल भयो",0,0,0,0
959,PublicInterest,"साथी, सार्वजनिक छलफलमा सहभागी हुनुभएकोमा धन्यवाद",0,0,0,0
960,PublicInterest,"साथी, यो विषयमा थप जानकारीको लागि वेबसाइट हेर्नुहोस्",0,0,0,0
961,PublicInterest,"वास्तवमा, यो नेता त पूर्ण रूपमा अयोग्य र बेकार व्यक्ति हो",1,0,0,0
962,PublicInterest,"वास्तवमा, यस्तो मूर्खतापूर्ण नीति ल्याउने अधिकारी साह्रै नालायक छ",1,0,0,0
963,PublicInterest,"अरे, सार्वजनिक कार्यक्रममा बोल्ने व्यक्ति साह्रै बेकार वक्ता रहेछ",1,0,0,0
964,PublicInterest,"साथी, यो नीति फिर्ता नलिए विरोध प्रदर्शनमा हिंसा हुनेछ भन्दै चेतावनी",0,1,0,0
965,PublicInterest,"वास्तवमा, यस्तो निर्णय कायम राखे सार्वजनिक सम्पत्ति नष्ट गरिनेछ",0,1,0,0
966,PublicInterest,"सुन्, जवाफदेही नभए भोलि कार्यालय घेराउ गरी क्षति पुर्‍याइनेछ",0,1,0,0
967,PublicInterest,"सुन्, सामाजिक सञ्जालमा एक समूहले निरन्तर एक पत्रकारलाई लक्षित गर्दै हैरान पार्छ",0,0,1,0
968,PublicInterest,"अरे, सार्वजनिक बहसमा एक जनाको विचारलाई सधैं बेवास्ता र होच्याइन्छ",0,0,1,0
969,PublicInterest,अभियानको क्रममा एक कार्यकर्तालाई लगातार सन्देश पठाएर हैरान पारिन्छ,0,0,1,0
970,PublicInterest,"सुन्, यो समुदायका मान्छेहरूले सार्वजनिक पद पाउनु हुँदैन",0,0,0,1
971,PublicInterest,धर्मको आधारमा यो उम्मेदवारलाई अयोग्य ठहर्याइयो,0,0,0,1
972,PublicInterest,लिङ्गको आधारमा यो नेतालाई नेतृत्व लायक छैन भनियो,0,0,0,1
973,PublicInterest,अल्पसंख्यक समुदायको भएकै कारण उम्मेदवारलाई नालायक भन्दै अपमानित गरियो,1,0,0,1
974,PublicInterest,नीति विरोध गरे सामाजिक बहिष्कार गर्ने र क्षति पुर्‍याउने चेतावनी दिइयो,0,1,1,0
975,PublicInterest,"अरे, आजको सार्वजनिक सुनुवाइमा धेरै राम्रो सुझाव आए",0,0,0,0
976,PublicInterest,नयाँ नीतिले सर्वसाधारणलाई प्रत्यक्ष फाइदा पुर्‍याउनेछ,0,0,0,0
977,PublicInterest,"साथी, सामुदायिक कार्यक्रम सफलतापूर्वक सम्पन्न भयो, धन्यवाद सबैलाई",0,0,0,0
978,PublicInterest,"वास्तवमा, यो अभियानले धेरै जनाको ध्यान तान्न सफल भयो",0,0,0,0
979,PublicInterest,"वास्तवमा, सार्वजनिक छलफलमा सहभागी हुनुभएकोमा धन्यवाद",0,0,0,0
980,PublicInterest,"सुन्, यो विषयमा थप जानकारीको लागि वेबसाइट हेर्नुहोस्",0,0,0,0
981,PublicInterest,यो नेता त पूर्ण रूपमा अयोग्य र बेकार व्यक्ति हो,1,0,0,0
982,PublicInterest,"सुन्, यस्तो मूर्खतापूर्ण नीति ल्याउने अधिकारी साह्रै नालायक छ",1,0,0,0
983,PublicInterest,"फेरि भन्छु, सार्वजनिक कार्यक्रममा बोल्ने व्यक्ति साह्रै बेकार वक्ता रहेछ",1,0,0,0
984,PublicInterest,"अरे, यो नीति फिर्ता नलिए विरोध प्रदर्शनमा हिंसा हुनेछ भन्दै चेतावनी",0,1,0,0
985,PublicInterest,"सुन्, यस्तो निर्णय कायम राखे सार्वजनिक सम्पत्ति नष्ट गरिनेछ",0,1,0,0
986,PublicInterest,जवाफदेही नभए भोलि कार्यालय घेराउ गरी क्षति पुर्‍याइनेछ,0,1,0,0
987,PublicInterest,"अरे, सामाजिक सञ्जालमा एक समूहले निरन्तर एक पत्रकारलाई लक्षित गर्दै हैरान पार्छ",0,0,1,0
988,PublicInterest,"साथी, सार्वजनिक बहसमा एक जनाको विचारलाई सधैं बेवास्ता र होच्याइन्छ",0,0,1,0
989,PublicInterest,"वास्तवमा, अभियानको क्रममा एक कार्यकर्तालाई लगातार सन्देश पठाएर हैरान पारिन्छ",0,0,1,0
990,PublicInterest,यो समुदायका मान्छेहरूले सार्वजनिक पद पाउनु हुँदैन,0,0,0,1
991,PublicInterest,"साथी, धर्मको आधारमा यो उम्मेदवारलाई अयोग्य ठहर्याइयो",0,0,0,1
992,PublicInterest,"साथी, लिङ्गको आधारमा यो नेतालाई नेतृत्व लायक छैन भनियो",0,0,0,1
993,PublicInterest,"सुन्, अल्पसंख्यक समुदायको भएकै कारण उम्मेदवारलाई नालायक भन्दै अपमानित गरियो",1,0,0,1
994,PublicInterest,"अरे, नीति विरोध गरे सामाजिक बहिष्कार गर्ने र क्षति पुर्‍याउने चेतावनी दिइयो",0,1,1,0
995,PublicInterest,"वास्तवमा, आजको सार्वजनिक सुनुवाइमा धेरै राम्रो सुझाव आए",0,0,0,0
996,PublicInterest,"फेरि भन्छु, नयाँ नीतिले सर्वसाधारणलाई प्रत्यक्ष फाइदा पुर्‍याउनेछ",0,0,0,0
997,PublicInterest,"अरे, सामुदायिक कार्यक्रम सफलतापूर्वक सम्पन्न भयो, धन्यवाद सबैलाई",0,0,0,0
998,PublicInterest,"अरे, यो अभियानले धेरै जनाको ध्यान तान्न सफल भयो",0,0,0,0
999,PublicInterest,सार्वजनिक छलफलमा सहभागी हुनुभएकोमा धन्यवाद,0,0,0,0
1000,PublicInterest,यो विषयमा थप जानकारीको लागि वेबसाइट हेर्नुहोस्,0,0,0,0
